plant_id_eia,plant_name_eia,generator_id,technology_description,capacity_mw,latitude,longitude,balancing_authority_code_eia,state
9990000,G006,1,onshore_wind,2,46.905613,-96.495241,MISO,MN
9990001,G037,1,onshore_wind,36,44.027575,-95.761347,MISO,MN
9990002,G040,1,onshore_wind,202,43.692187,-95.734382,MISO,MN
9990003,G041,1,onshore_wind,2,44.035805,-96.248354,MISO,MN
9990004,G046,1,onshore_wind,200,43.388272,-93.245767,MISO,IA
9990005,G056,1,onshore_wind,80,43.073604,-93.735209,MISO,IA
9990006,G057,1,onshore_wind,80,44.027575,-95.761347,MISO,MN
9990007,G060,1,onshore_wind,100,44.027575,-95.761347,MISO,MN
9990008,G073,1,onshore_wind,1,44.410716,-96.278048,MISO,MN
9990009,G081,1,onshore_wind,1,44.035805,-96.248354,MISO,MN
9990010,G097,1,onshore_wind,2,44.027575,-95.761347,MISO,MN
9990011,G103,1,onshore_wind,370,43.731846,-87.922335,MISO,WI
9990012,G113,1,onshore_wind,200,43.695416,-92.749276,MISO,MN
9990013,G132,1,onshore_wind,180,46.115778,-98.478795,MISO,ND
9990014,G154,1,onshore_wind,150,44.777032,-96.656055,MISO,SD
9990015,G162,1,onshore_wind,200,43.692187,-95.734382,MISO,MN
9990016,G163,1,onshore_wind,200,44.027575,-95.761347,MISO,MN
9990017,G164,1,onshore_wind,200,43.695879,-94.549583,MISO,MN
9990018,G171,1,onshore_wind,14,44.042331,-92.848214,MISO,MN
9990019,G172,1,onshore_wind,300,43.695416,-92.749276,MISO,MN
9990020,G176,1,onshore_wind,100,44.410716,-96.278048,MISO,MN
9990021,G183,1,onshore_wind,200,44.027575,-95.761347,MISO,MN
9990022,G185,1,onshore_wind,4,44.035805,-96.248354,MISO,MN
9990023,G221,1,onshore_wind,180,46.115778,-98.478795,MISO,ND
9990024,G226,1,onshore_wind,9,44.035805,-96.248354,MISO,MN
9990025,G228,1,onshore_wind,30,43.659082,-86.266417,MISO,MI
9990026,G229,1,onshore_wind,30,43.659082,-86.266417,MISO,MI
9990027,G232,1,onshore_wind,44,43.396004,-95.192801,MISO,IA
9990028,G233,1,onshore_wind,10,44.027575,-95.761347,MISO,MN
9990029,G239,1,onshore_wind,63,44.042331,-92.848214,MISO,MN
9990030,G241,1,onshore_wind,2,44.410716,-96.278048,MISO,MN
9990031,G242,1,onshore_wind,19,44.042331,-92.848214,MISO,MN
9990032,G248,1,onshore_wind,19,46.115778,-98.478795,MISO,ND
9990033,G251,1,onshore_wind,6,43.691893,-95.129111,MISO,MN
9990034,G252,1,onshore_wind,10,44.027575,-95.761347,MISO,MN
9990035,G253,1,onshore_wind,12,43.692108,-96.252881,MISO,MN
9990036,G255,1,onshore_wind,100,44.388943,-96.775495,MISO,SD
9990037,G262,1,onshore_wind,200,43.691893,-95.129111,MISO,MN
9990038,G263,1,onshore_wind,105,43.695879,-94.549583,MISO,MN
9990039,G269,1,onshore_wind,100,43.695416,-92.749276,MISO,MN
9990040,G272,1,onshore_wind,10,44.027575,-95.761347,MISO,MN
9990041,G275,1,onshore_wind,19,45.77732,-99.163576,MISO,SD
9990042,G278,1,onshore_wind,8,44.035805,-96.248354,MISO,MN
9990043,G281,1,onshore_wind,130,42.706527,-89.58238,MISO,WI
9990044,G282,1,onshore_wind,99,42.655097,-90.1204,MISO,WI
9990045,G283,1,onshore_wind,19,46.119855,-99.396278,MISO,ND
9990046,G284,1,onshore_wind,19,46.115778,-98.478795,MISO,ND
9990047,G285,1,onshore_wind,9,44.035805,-96.248354,MISO,MN
9990048,G287,1,onshore_wind,200,43.692187,-95.734382,MISO,MN
9990049,G288,1,onshore_wind,100,42.696622,-88.510207,MISO,WI
9990050,G289,1,onshore_wind,100,42.686352,-89.071451,MISO,WI
9990051,G291,1,onshore_wind,19,46.477149,-98.510844,MISO,ND
9990052,G296,1,onshore_wind,25,45.77732,-99.163576,MISO,SD
9990053,G297,1,onshore_wind,39,45.411486,-99.18539,MISO,SD
9990054,G298,1,onshore_wind,100,43.396004,-95.192801,MISO,IA
9990055,G301,1,onshore_wind,4,43.383338,-95.607509,MISO,IA
9990056,G307,1,onshore_wind,19,46.119855,-99.396278,MISO,ND
9990057,G308,1,onshore_wind,19,46.119855,-99.396278,MISO,ND
9990058,G310,1,onshore_wind,8,43.090542,-93.231955,MISO,IA
9990059,G311,1,onshore_wind,19,46.106774,-103.512663,MISO,ND
9990060,G312,1,onshore_wind,19,46.115778,-98.478795,MISO,ND
9990061,G313,1,onshore_wind,19,46.115778,-98.478795,MISO,ND
9990062,G314,1,onshore_wind,50,48.788643,-98.447467,MISO,ND
9990063,G315,1,onshore_wind,80,42.72456,-94.654344,MISO,IA
9990064,G328,1,onshore_wind,12,48.229672,-100.637095,MISO,ND
9990065,G329,1,onshore_wind,50,47.605286,-92.399308,MISO,MN
9990066,G330,1,onshore_wind,19,43.695416,-92.749276,MISO,MN
9990067,G331,1,onshore_wind,200,43.388272,-93.245767,MISO,IA
9990068,G332,1,onshore_wind,80,44.779567,-88.747296,MISO,WI
9990069,G333,1,onshore_wind,80,44.779567,-88.747296,MISO,WI
9990070,G334,1,onshore_wind,80,44.085404,-88.187129,MISO,WI
9990071,G335,1,onshore_wind,160,43.74216,-88.490046,MISO,WI
9990072,G338,1,onshore_wind,54,43.428739,-88.722799,MISO,WI
9990073,G339,1,onshore_wind,150,46.115778,-98.478795,MISO,ND
9990074,G340,1,onshore_wind,1,44.410716,-96.278048,MISO,MN
9990075,G349,1,onshore_wind,200,44.410716,-96.278048,MISO,MN
9990076,G353,1,onshore_wind,80,43.74216,-88.490046,MISO,WI
9990077,G354,1,onshore_wind,80,43.74216,-88.490046,MISO,WI
9990078,G357,1,onshore_wind,20,44.58273,-94.228389,MISO,MN
9990079,G358,1,onshore_wind,36,43.678829,-93.934983,MISO,MN
9990080,G359,1,onshore_wind,150,46.115778,-98.478795,MISO,ND
9990081,G359R,1,onshore_wind,150,46.115778,-98.478795,MISO,ND
9990082,G362,1,onshore_wind,200,43.695416,-92.749276,MISO,MN
9990083,G365,1,onshore_wind,11,45.579135,-95.432801,MISO,MN
9990084,G366,1,onshore_wind,80,43.466828,-89.342991,MISO,WI
9990085,G368,1,onshore_wind,200,43.428739,-88.722799,MISO,WI
9990086,G371,1,onshore_wind,100,43.466828,-89.342991,MISO,WI
9990087,G372,1,onshore_wind,1.65,45.579135,-95.432801,MISO,MN
9990088,G374,1,onshore_wind,6,43.692187,-95.734382,MISO,MN
9990089,G375,1,onshore_wind,20,44.016183,-95.180153,MISO,MN
9990090,G376,1,onshore_wind,160,43.817925,-89.04964,MISO,WI
9990091,G377,1,onshore_wind,200,47.605286,-92.399308,MISO,MN
9990092,G378,1,onshore_wind,100,42.686352,-89.071451,MISO,WI
9990093,G379,1,onshore_wind,100,42.696622,-88.510207,MISO,WI
9990094,G380,1,onshore_wind,150,48.202195,-100.025064,MISO,ND
9990095,G382,1,onshore_wind,8,44.035805,-96.248354,MISO,MN
9990096,G384,1,onshore_wind,99,44.121694,-87.806347,MISO,WI
9990097,G385,1,onshore_wind,2,43.692187,-95.734382,MISO,MN
9990098,G386,1,onshore_wind,100,43.695879,-94.549583,MISO,MN
9990099,G387,1,onshore_wind,19.79,43.692187,-95.734382,MISO,MN
9990100,G394,1,onshore_wind,6.6,44.410716,-96.278048,MISO,MN
9990101,G395,1,onshore_wind,4.94,44.410716,-96.278048,MISO,MN
9990102,G397,1,onshore_wind,5,44.035805,-96.248354,MISO,MN
9990103,G398,1,onshore_wind,2,44.035805,-96.248354,MISO,MN
9990104,G402,1,onshore_wind,3.3,44.410716,-96.278048,MISO,MN
9990105,G408,1,onshore_wind,12,48.229672,-100.637095,MISO,ND
9990106,G410,1,onshore_wind,99,44.49981,-87.630757,MISO,WI
9990107,G411,1,onshore_wind,19.79,43.986156,-94.599966,MISO,MN
9990108,G413,1,onshore_wind,150,40.508485,-88.842364,MISO,IL
9990109,G414,1,onshore_wind,10,46.905613,-96.495241,MISO,MN
9990110,G418,1,onshore_wind,140,43.659082,-86.266417,MISO,MI
9990111,G419,1,onshore_wind,1.5,43.381552,-96.194611,MISO,IA
9990112,G420,1,onshore_wind,99,44.915168,-89.764694,MISO,WI
9990113,G421,1,onshore_wind,50,44.411707,-87.997111,MISO,WI
9990114,G423,1,onshore_wind,19,43.466828,-89.342991,MISO,WI
9990115,G424,1,onshore_wind,100,47.605286,-92.399308,MISO,MN
9990116,G425,1,onshore_wind,200,43.691893,-95.129111,MISO,MN
9990117,G426,1,onshore_wind,101,43.691893,-95.129111,MISO,MN
9990118,G427,1,onshore_wind,98,43.74216,-88.490046,MISO,WI
9990119,G429,1,onshore_wind,200,43.691893,-95.129111,MISO,MN
9990120,G430,1,onshore_wind,8.25,45.579135,-95.432801,MISO,MN
9990121,G432,1,onshore_wind,65,40.626943,-88.190335,MISO,IL
9990122,G438,1,onshore_wind,20,45.762137,-97.622544,MISO,SD
9990123,G439,1,onshore_wind,100,40.608823,-87.300417,MISO,IN
9990124,G442,1,onshore_wind,50,44.016183,-95.180153,MISO,MN
9990125,G443,1,onshore_wind,7,44.410716,-96.278048,MISO,MN
9990126,G444,1,onshore_wind,5,44.410716,-96.278048,MISO,MN
9990127,G445,1,onshore_wind,200,43.365156,-92.313669,MISO,IA
9990128,G446,1,onshore_wind,19.5,46.477149,-98.510844,MISO,ND
9990129,G447,1,onshore_wind,150,40.306516,-86.463556,MISO,IN
9990130,G448,1,onshore_wind,100,40.473942,-92.526649,MISO,MO
9990131,G449,1,onshore_wind,100,40.376036,-94.899105,MISO,MO
9990132,G450,1,onshore_wind,1,48.769899,-99.835265,MISO,ND
9990133,G474,1,onshore_wind,20,45.943024,-95.975288,MISO,MN
9990134,G480,1,onshore_wind,80,39.896804,-83.391412,MISO,OH
9990135,G481,1,onshore_wind,1,48.769899,-99.835265,MISO,ND
9990136,G483,1,onshore_wind,50,42.706527,-89.58238,MISO,WI
9990137,G485,1,onshore_wind,60,43.428739,-88.722799,MISO,WI
9990138,G488,1,onshore_wind,20,44.016183,-95.180153,MISO,MN
9990139,G489,1,onshore_wind,20,44.440121,-95.840616,MISO,MN
9990140,G491,1,onshore_wind,100,44.035805,-96.248354,MISO,MN
9990141,G492,1,onshore_wind,5,44.027575,-95.761347,MISO,MN
9990142,G494,1,onshore_wind,20,43.695879,-94.549583,MISO,MN
9990143,G496,1,onshore_wind,11.55,44.430749,-92.70206,MISO,MN
9990144,G499,1,onshore_wind,109.5,42.046608,-93.435588,MISO,IA
9990145,G501,1,onshore_wind,79.19,40.508485,-88.842364,MISO,IL
9990146,G502,1,onshore_wind,50,47.142166,-101.309263,MISO,ND
9990147,G503,1,onshore_wind,158,43.852661,-83.020298,MISO,MI
9990148,G504,1,onshore_wind,158,43.457406,-82.797498,MISO,MI
9990149,G506,1,onshore_wind,100,43.92897,-90.626014,MISO,WI
9990150,G507,1,onshore_wind,68,43.74216,-88.490046,MISO,WI
9990151,G507b,1,onshore_wind,98,43.74216,-88.490046,MISO,WI
9990152,G509,1,onshore_wind,75,47.605286,-92.399308,MISO,MN
9990153,G511,1,onshore_wind,100,43.852661,-83.020298,MISO,MI
9990154,G513,1,onshore_wind,100,43.659082,-86.266417,MISO,MI
9990155,G514,1,onshore_wind,150,43.691893,-95.129111,MISO,MN
9990156,G515,1,onshore_wind,100,40.51676,-89.51322,MISO,IL
9990157,G516,1,onshore_wind,6,43.692187,-95.734382,MISO,MN
9990158,G517,1,onshore_wind,130,44.016183,-95.180153,MISO,MN
9990159,G518,1,onshore_wind,8,43.691893,-95.129111,MISO,MN
9990160,G520,1,onshore_wind,150,44.440121,-95.840616,MISO,MN
9990161,G526,1,onshore_wind,52,43.852661,-83.020298,MISO,MI
9990162,G530,1,onshore_wind,14,42.048511,-94.392857,MISO,IA
9990163,G532,1,onshore_wind,20,44.016183,-95.180153,MISO,MN
9990164,G534,1,onshore_wind,4.94,43.073604,-93.735209,MISO,IA
9990165,G536,1,onshore_wind,20,43.691893,-95.129111,MISO,MN
9990166,G537,1,onshore_wind,100,40.762186,-87.795873,MISO,IL
9990167,G538,1,onshore_wind,50,43.396004,-95.192801,MISO,IA
9990168,G540,1,onshore_wind,80,43.388272,-93.245767,MISO,IA
9990169,G544,1,onshore_wind,200,41.374709,-90.114223,MISO,IL
9990170,G545,1,onshore_wind,200,41.374709,-90.114223,MISO,IL
9990171,G546,1,onshore_wind,100,42.696622,-88.510207,MISO,WI
9990172,G548,1,onshore_wind,80,43.388272,-93.245767,MISO,IA
9990173,G549,1,onshore_wind,20,45.579135,-95.432801,MISO,MN
9990174,G551,1,onshore_wind,99,43.365156,-92.313669,MISO,IA
9990175,G552,1,onshore_wind,50,43.37349,-94.666903,MISO,IA
9990176,G554,1,onshore_wind,100,43.084683,-94.675507,MISO,IA
9990177,G555,1,onshore_wind,100,45.586837,-95.98635,MISO,MN
9990178,G561,1,onshore_wind,210,41.41194,-89.503494,MISO,IL
9990179,G565,1,onshore_wind,60,43.852661,-83.020298,MISO,MI
9990180,G566,1,onshore_wind,3,44.350455,-85.067209,MISO,MI
9990181,G566d,1,onshore_wind,18,44.350455,-85.067209,MISO,MI
9990182,G569,1,onshore_wind,200,41.217043,-90.721218,MISO,IL
9990183,G570,1,onshore_wind,125,44.49981,-87.630757,MISO,WI
9990184,G571,1,onshore_wind,100,40.306516,-86.463556,MISO,IN
9990185,G573,1,onshore_wind,80,42.751676,-93.257571,MISO,IA
9990186,G574,1,onshore_wind,80,42.751676,-93.257571,MISO,IA
9990187,G575,1,onshore_wind,40,42.751676,-93.257571,MISO,IA
9990188,G576,1,onshore_wind,40,43.692108,-96.252881,MISO,MN
9990189,G578,1,onshore_wind,300,40.202194,-92.615146,MISO,MO
9990190,G584,1,onshore_wind,3,44.035805,-96.248354,MISO,MN
9990191,G585,1,onshore_wind,8,44.423894,-95.245335,MISO,MN
9990192,G586,1,onshore_wind,30,44.410716,-96.278048,MISO,MN
9990193,G587,1,onshore_wind,20,44.58273,-94.228389,MISO,MN
9990194,G590,1,onshore_wind,98,44.085404,-88.187129,MISO,WI
9990195,G593,1,onshore_wind,100,43.691893,-95.129111,MISO,MN
9990196,G594,1,onshore_wind,50,43.691893,-95.129111,MISO,MN
9990197,G595,1,onshore_wind,150,43.073604,-93.735209,MISO,IA
9990198,G596,1,onshore_wind,1,46.021882,-94.218375,MISO,MN
9990199,G598,1,onshore_wind,144,39.972006,-91.189213,MISO,IL
9990200,G599,1,onshore_wind,144,39.972006,-91.189213,MISO,IL
9990201,G600,1,onshore_wind,110,48.382555,-96.402899,MISO,MN
9990202,G602,1,onshore_wind,32,43.692187,-95.734382,MISO,MN
9990203,G603,1,onshore_wind,6.3,44.410716,-96.278048,MISO,MN
9990204,G604,1,onshore_wind,44,44.022332,-93.222635,MISO,MN
9990205,G605,1,onshore_wind,200,40.003048,-86.907534,MISO,IN
9990206,G606,1,onshore_wind,30,40.608823,-87.300417,MISO,IN
9990207,G608,1,onshore_wind,6,45.579135,-95.432801,MISO,MN
9990208,G611,1,onshore_wind,99,44.085404,-88.187129,MISO,WI
9990209,G612,1,onshore_wind,150,42.046608,-93.435588,MISO,IA
9990210,G613,1,onshore_wind,17,44.423894,-95.245335,MISO,MN
9990211,G614,1,onshore_wind,200,43.37349,-94.666903,MISO,IA
9990212,G616,1,onshore_wind,120,40.608823,-87.300417,MISO,IN
9990213,G617,1,onshore_wind,50,44.037017,-94.054668,MISO,MN
9990214,G618,1,onshore_wind,138,44.727888,-95.919791,MISO,MN
9990215,G619,1,onshore_wind,50,46.425242,-95.713536,MISO,MN
9990216,G620,1,onshore_wind,19,44.430749,-92.70206,MISO,MN
9990217,G621,1,onshore_wind,20,44.035805,-96.248354,MISO,MN
9990218,G622,1,onshore_wind,148.8,46.115778,-98.478795,MISO,ND
9990219,G623,1,onshore_wind,60,39.383372,-88.795673,MISO,IL
9990220,G624,1,onshore_wind,150,46.119855,-99.396278,MISO,ND
9990221,G626,1,onshore_wind,32,44.24262,-94.705888,MISO,MN
9990222,G628,1,onshore_wind,32,44.24262,-94.705888,MISO,MN
9990223,G629,1,onshore_wind,201,41.374709,-90.114223,MISO,IL
9990224,G630,1,onshore_wind,21,45.422521,-96.38442,MISO,MN
9990225,G631,1,onshore_wind,19,43.692187,-95.734382,MISO,MN
9990226,G632,1,onshore_wind,19,43.692187,-95.734382,MISO,MN
9990227,G633,1,onshore_wind,19,43.692187,-95.734382,MISO,MN
9990228,G634,1,onshore_wind,96,44.388943,-96.775495,MISO,SD
9990229,G635,1,onshore_wind,101,44.777032,-96.656055,MISO,SD
9990230,G636,1,onshore_wind,18.9,45.280767,-95.659077,MISO,MN
9990231,G637,1,onshore_wind,20,45.767801,-96.453378,MISO,MN
9990232,G638,1,onshore_wind,20,45.586837,-95.98635,MISO,MN
9990233,G639,1,onshore_wind,19.5,43.691893,-95.129111,MISO,MN
9990234,G640,1,onshore_wind,30,46.0633,-94.891414,MISO,MN
9990235,G643,1,onshore_wind,20,43.350332,-92.769601,MISO,IA
9990236,G644,1,onshore_wind,20,45.586837,-95.98635,MISO,MN
9990237,G647,1,onshore_wind,102,42.606984,-85.891756,MISO,MI
9990238,G648,1,onshore_wind,101,39.678425,-87.743393,MISO,IL
9990239,G649,1,onshore_wind,300,39.678425,-87.743393,MISO,IL
9990240,G650,1,onshore_wind,99,48.219494,-102.318377,MISO,ND
9990241,G651,1,onshore_wind,115,48.788643,-98.447467,MISO,ND
9990242,G652,1,onshore_wind,48,41.357601,-82.620194,MISO,OH
9990243,G654,1,onshore_wind,250,39.629555,-90.88281,MISO,IL
9990244,G656,1,onshore_wind,500,40.608823,-87.300417,MISO,IN
9990245,G657,1,onshore_wind,20,45.579135,-95.432801,MISO,MN
9990246,G658,1,onshore_wind,20,45.579135,-95.432801,MISO,MN
9990247,G659,1,onshore_wind,50,47.142166,-101.309263,MISO,ND
9990248,G660,1,onshore_wind,50,47.605286,-92.399308,MISO,MN
9990249,G662,1,onshore_wind,100,45.689894,-101.113506,MISO,SD
9990250,G663,1,onshore_wind,20,44.410716,-96.278048,MISO,MN
9990251,G666,1,onshore_wind,250,40.608823,-87.300417,MISO,IN
9990252,G667,1,onshore_wind,13,43.691893,-95.129111,MISO,MN
9990253,G668,1,onshore_wind,100,45.422521,-96.38442,MISO,MN
9990254,G669,1,onshore_wind,200,43.695416,-92.749276,MISO,MN
9990255,G670,1,onshore_wind,200,43.678829,-93.934983,MISO,MN
9990256,G671,1,onshore_wind,200,43.672833,-93.313816,MISO,MN
9990257,G678,1,onshore_wind,99,43.037139,-89.389671,MISO,WI
9990258,G679,1,onshore_wind,9.89,40.508485,-88.842364,MISO,IL
9990259,G680,1,onshore_wind,20,44.727888,-95.919791,MISO,MN
9990260,G681,1,onshore_wind,44,43.672833,-93.313816,MISO,MN
9990261,G684,1,onshore_wind,20,44.016183,-95.180153,MISO,MN
9990262,G685,1,onshore_wind,20,45.107031,-94.499974,MISO,MN
9990263,G688,1,onshore_wind,24,44.027575,-95.761347,MISO,MN
9990264,G690,1,onshore_wind,200,46.115778,-98.478795,MISO,ND
9990265,G691,1,onshore_wind,50,43.595349,-90.803167,MISO,WI
9990266,G694,1,onshore_wind,62,40.947428,-90.206224,MISO,IL
9990267,G695,1,onshore_wind,200,43.373868,-93.711402,MISO,IA
9990268,G696,1,onshore_wind,50,46.936179,-97.20091,MISO,ND
9990269,G697,1,onshore_wind,21,46.425242,-95.713536,MISO,MN
9990270,G698,1,onshore_wind,150,40.490615,-92.98552,MISO,MO
9990271,G699,1,onshore_wind,250,45.643925,-96.974396,MISO,SD
9990272,G700,1,onshore_wind,18.9,44.430749,-92.70206,MISO,MN
9990273,G701,1,onshore_wind,105,41.374709,-90.114223,MISO,IL
9990274,G702,1,onshore_wind,110,43.388272,-93.245767,MISO,IA
9990275,G703,1,onshore_wind,1500,44.571992,-99.00243,MISO,SD
9990276,G704,1,onshore_wind,1500,44.571992,-99.00243,MISO,SD
9990277,G705,1,onshore_wind,2000,44.571992,-99.00243,MISO,SD
9990278,G706,1,onshore_wind,99,43.466828,-89.342991,MISO,WI
9990279,G713,1,onshore_wind,200,46.115778,-98.478795,MISO,ND
9990280,G715,1,onshore_wind,76,43.365156,-92.313669,MISO,IA
9990281,G716,1,onshore_wind,150,43.365156,-92.313669,MISO,IA
9990282,G721,1,onshore_wind,160,46.425242,-95.713536,MISO,MN
9990283,G722,1,onshore_wind,250,45.184093,-96.776067,MISO,SD
9990284,G724,1,onshore_wind,99,43.037139,-89.389671,MISO,WI
9990285,G727,1,onshore_wind,100,43.308267,-97.150367,MISO,SD
9990286,G728,1,onshore_wind,300,44.022332,-93.222635,MISO,MN
9990287,G729,1,onshore_wind,2.5,46.425242,-95.713536,MISO,MN
9990288,G730,1,onshore_wind,73.5,43.37349,-94.666903,MISO,IA
9990289,G731,1,onshore_wind,750,44.070804,-98.621022,MISO,SD
9990290,G734,1,onshore_wind,101,44.388943,-96.775495,MISO,SD
9990291,G735,1,onshore_wind,200,43.073604,-93.735209,MISO,IA
9990292,G736,1,onshore_wind,200,45.184093,-96.776067,MISO,SD
9990293,G737,1,onshore_wind,100,45.586837,-95.98635,MISO,MN
9990294,G738,1,onshore_wind,300,44.410716,-96.278048,MISO,MN
9990295,G739,1,onshore_wind,450,40.755639,-86.850423,MISO,IN
9990296,G740,1,onshore_wind,150,43.365156,-92.313669,MISO,IA
9990297,G742,1,onshore_wind,120,44.350455,-85.067209,MISO,MI
9990298,G743,1,onshore_wind,45,44.350455,-85.067209,MISO,MI
9990299,G744,1,onshore_wind,150,40.473942,-92.526649,MISO,MO
9990300,G745,1,onshore_wind,130,40.755639,-86.850423,MISO,IN
9990301,G746,1,onshore_wind,200,43.685934,-92.048736,MISO,MN
9990302,G747,1,onshore_wind,100,42.686352,-89.071451,MISO,WI
9990303,G749,1,onshore_wind,50,42.655097,-90.1204,MISO,WI
9990304,G750,1,onshore_wind,200,46.408098,-87.590233,MISO,MI
9990305,G751,1,onshore_wind,200,46.103995,-102.517517,MISO,ND
9990306,G752,1,onshore_wind,150,46.103995,-102.517517,MISO,ND
9990307,G753,1,onshore_wind,300,46.323862,-104.423017,MISO,MT
9990308,G754,1,onshore_wind,50,41.65258,-83.677016,MISO,OH
9990309,G755,1,onshore_wind,50,43.985292,-85.315561,MISO,MI
9990310,G756,1,onshore_wind,100.8,40.390754,-83.768095,MISO,OH
9990311,G757,1,onshore_wind,200,46.103995,-102.517517,MISO,ND
9990312,G759,1,onshore_wind,84.8,44.016183,-95.180153,MISO,MN
9990313,G760,1,onshore_wind,135,38.012374,-101.795546,MISO,KS
9990314,G762,1,onshore_wind,150.39,43.695416,-92.749276,MISO,MN
9990315,G763,1,onshore_wind,50,43.676966,-96.774725,MISO,SD
9990316,G764,1,onshore_wind,241.5,43.676966,-96.774725,MISO,SD
9990317,G766,1,onshore_wind,300,41.877033,-84.595522,MISO,MI
9990318,G767,1,onshore_wind,30,46.323862,-104.423017,MISO,MT
9990319,G768,1,onshore_wind,50,43.986156,-94.599966,MISO,MN
9990320,G769,1,onshore_wind,50,44.016183,-95.180153,MISO,MN
9990321,G770,1,onshore_wind,100,43.695879,-94.549583,MISO,MN
9990322,G771,1,onshore_wind,200,43.365156,-92.313669,MISO,IA
9990323,G772,1,onshore_wind,200,43.692187,-95.734382,MISO,MN
9990324,G773,1,onshore_wind,150,44.411707,-87.997111,MISO,WI
9990325,G774,1,onshore_wind,70,43.990884,-86.267525,MISO,MI
9990326,G775,1,onshore_wind,200,39.831435,-85.765798,MISO,IL
9990327,G776,1,onshore_wind,200,44.388943,-96.775495,MISO,SD
9990328,G777,1,onshore_wind,20,45.586837,-95.98635,MISO,MN
9990329,G778,1,onshore_wind,5.9,45.943024,-95.975288,MISO,MN
9990330,G779,1,onshore_wind,259.9,44.042331,-92.848214,MISO,MN
9990331,G781,1,onshore_wind,150,46.103995,-102.517517,MISO,ND
9990332,G782,1,onshore_wind,42,45.280767,-95.659077,MISO,MN
9990333,G783,1,onshore_wind,122,48.227309,-101.550226,MISO,ND
9990334,G784,1,onshore_wind,122,48.227309,-101.550226,MISO,ND
9990335,G789,1,onshore_wind,20,45.579135,-95.432801,MISO,MN
9990336,G790,1,onshore_wind,150,42.751676,-93.257571,MISO,IA
9990337,G792,1,onshore_wind,50,45.422521,-96.38442,MISO,MN
9990338,G793,1,onshore_wind,100,42.686352,-89.071451,MISO,WI
9990339,G796,1,onshore_wind,300,44.042331,-92.848214,MISO,MN
9990340,G797,1,onshore_wind,30,43.695879,-94.549583,MISO,MN
9990341,G798,1,onshore_wind,150,42.046608,-93.435588,MISO,IA
9990342,G799,1,onshore_wind,120,46.939526,-88.740235,MISO,MI
9990343,G801,1,onshore_wind,50,43.695416,-92.749276,MISO,MN
9990344,G802,1,onshore_wind,125,45.184093,-96.776067,MISO,SD
9990345,G803,1,onshore_wind,150,44.777032,-96.656055,MISO,SD
9990346,G804,1,onshore_wind,250,44.777032,-96.656055,MISO,SD
9990347,G805,1,onshore_wind,300,45.586837,-95.98635,MISO,MN
9990348,G810,1,onshore_wind,101,46.106774,-103.512663,MISO,ND
9990349,G812,1,onshore_wind,20,45.579135,-95.432801,MISO,MN
9990350,G813,1,onshore_wind,100,42.042178,-93.941909,MISO,IA
9990351,G817,1,onshore_wind,5.9,45.943024,-95.975288,MISO,MN
9990352,G818,1,onshore_wind,20,45.943024,-95.975288,MISO,MN
9990353,G821,1,onshore_wind,199.5,46.905613,-96.495241,MISO,MN
9990354,G823,1,onshore_wind,300,44.727888,-95.919791,MISO,MN
9990355,G824,1,onshore_wind,200,43.695416,-92.749276,MISO,MN
9990356,G825,1,onshore_wind,100,44.388943,-96.775495,MISO,SD
9990357,G826,1,onshore_wind,200,43.691893,-95.129111,MISO,MN
9990358,G827,1,onshore_wind,100,43.676966,-96.774725,MISO,SD
9990359,G828,1,onshore_wind,76,44.037017,-94.054668,MISO,MN
9990360,G829,1,onshore_wind,100,43.676966,-96.774725,MISO,SD
9990361,G830,1,onshore_wind,99,48.229672,-100.637095,MISO,ND
9990362,G831,1,onshore_wind,50,44.027575,-95.761347,MISO,MN
9990363,G835,1,onshore_wind,200,40.306516,-86.463556,MISO,IN
9990364,G836,1,onshore_wind,200,40.306516,-86.463556,MISO,IN
9990365,G841,1,onshore_wind,250,44.440121,-95.840616,MISO,MN
9990366,G842,1,onshore_wind,250,44.440121,-95.840616,MISO,MN
9990367,G843,1,onshore_wind,100,46.425242,-95.713536,MISO,MN
9990368,G845,1,onshore_wind,60,48.788643,-98.447467,MISO,ND
9990369,G846,1,onshore_wind,4,46.905613,-96.495241,MISO,MN
9990370,G850,1,onshore_wind,250,44.027575,-95.761347,MISO,MN
9990371,G851,1,onshore_wind,250,44.027575,-95.761347,MISO,MN
9990372,G852,1,onshore_wind,300,44.042331,-92.848214,MISO,MN
9990373,G853,1,onshore_wind,600,46.115778,-98.478795,MISO,ND
9990374,G854,1,onshore_wind,150,43.990884,-86.267525,MISO,MI
9990375,G855,1,onshore_wind,200,43.672833,-93.313816,MISO,MN
9990376,G857,1,onshore_wind,400,43.695416,-92.749276,MISO,MN
9990377,G858,1,onshore_wind,38,45.555452,-94.603238,MISO,MN
9990378,G859,1,onshore_wind,600,46.905613,-96.495241,MISO,MN
9990379,G860,1,onshore_wind,900,46.974662,-100.476278,MISO,ND
9990380,G861,1,onshore_wind,960,46.974662,-100.476278,MISO,ND
9990381,G864,1,onshore_wind,200,40.755639,-86.850423,MISO,IN
9990382,G865,1,onshore_wind,201,40.608823,-87.300417,MISO,IN
9990383,G869,1,onshore_wind,200,43.298285,-91.374325,MISO,IA
9990384,G870,1,onshore_wind,201,43.672833,-93.313816,MISO,MN
9990385,G871,1,onshore_wind,201,43.672833,-93.313816,MISO,MN
9990386,G873,1,onshore_wind,20,48.783278,-96.786861,MISO,MN
9990387,G875,1,onshore_wind,80,48.783278,-96.786861,MISO,MN
9990388,G878,1,onshore_wind,150,43.308267,-97.150367,MISO,SD
9990389,G879,1,onshore_wind,150,44.027575,-95.761347,MISO,MN
9990390,G882,1,onshore_wind,1500,44.042331,-92.848214,MISO,MN
9990391,G883,1,onshore_wind,1500,44.019479,-92.388844,MISO,MN
9990392,G884,1,onshore_wind,1500,45.643925,-96.974396,MISO,SD
9990393,G885,1,onshore_wind,199.5,46.939015,-98.056908,MISO,ND
9990394,G887,1,onshore_wind,20,40.608823,-87.300417,MISO,IN
9990395,G888,1,onshore_wind,50,40.608823,-87.300417,MISO,IN
9990396,G889,1,onshore_wind,59.4,43.852661,-83.020298,MISO,MI
9990397,G890,1,onshore_wind,200,43.685934,-92.048736,MISO,MN
9990398,G893,1,onshore_wind,80,43.692108,-96.252881,MISO,MN
9990399,G894,1,onshore_wind,49.5,45.422521,-96.38442,MISO,MN
9990400,G895,1,onshore_wind,1500,44.648448,-93.513735,MISO,MN
9990401,G896,1,onshore_wind,1500,44.648448,-93.513735,MISO,MN
9990402,G897,1,onshore_wind,1500,45.697906,-94.003333,MISO,MN
9990403,G898,1,onshore_wind,1500,45.697906,-94.003333,MISO,MN
9990404,G899,1,onshore_wind,1000,45.159855,-93.974649,MISO,MN
9990405,G900,1,onshore_wind,1000,45.159855,-93.974649,MISO,MN
9990406,G901,1,onshore_wind,600,42.335431,-89.168538,MISO,IL
9990407,G902,1,onshore_wind,1500,42.335431,-89.168538,MISO,IL
9990408,G903,1,onshore_wind,2000,45.159855,-93.974649,MISO,MN
9990409,G904,1,onshore_wind,150,48.769899,-99.835265,MISO,ND
9990410,G905,1,onshore_wind,200,43.280381,-84.60826,MISO,MI
9990411,G906,1,onshore_wind,200,40.003048,-86.907534,MISO,IN
9990412,G907,1,onshore_wind,450,43.695416,-92.749276,MISO,MN
9990413,G908,1,onshore_wind,150,39.746573,-90.194274,MISO,IL
9990414,G909,1,onshore_wind,150,39.982377,-90.245033,MISO,IL
9990415,G910,1,onshore_wind,99,43.695416,-92.749276,MISO,MN
9990416,G911,1,onshore_wind,99,43.695416,-92.749276,MISO,MN
9990417,G912,1,onshore_wind,99,43.695416,-92.749276,MISO,MN
9990418,G913,1,onshore_wind,201,46.366588,-96.470385,MISO,MN
9990419,G914,1,onshore_wind,137,41.205781,-89.284111,MISO,IL
9990420,G915,1,onshore_wind,150,39.227425,-89.462177,MISO,IL
9990421,G916,1,onshore_wind,53,47.582458,-100.317451,MISO,ND
9990422,G918,1,onshore_wind,120,43.280381,-84.60826,MISO,MI
9990423,G923,1,onshore_wind,200,40.314419,-86.042034,MISO,IN
9990424,G924,1,onshore_wind,300,44.363065,-93.299603,MISO,MN
9990425,G925,1,onshore_wind,300,40.173813,-88.909212,MISO,IL
9990426,G927,1,onshore_wind,2,44.085404,-88.187129,MISO,WI
9990427,G931,1,onshore_wind,150,40.762186,-87.795873,MISO,IL
9990428,G932,1,onshore_wind,56,45.280767,-95.659077,MISO,MN
9990429,G934,1,onshore_wind,150,43.280381,-84.60826,MISO,MI
9990430,G935,1,onshore_wind,201,40.306516,-86.463556,MISO,IN
9990431,G937,1,onshore_wind,200,45.960614,-86.916613,MISO,MI
9990432,G939,1,onshore_wind,250,45.184093,-96.776067,MISO,SD
9990433,G943,1,onshore_wind,150,43.042955,-85.530951,MISO,MI
9990434,G944,1,onshore_wind,150,43.042955,-85.530951,MISO,MI
9990435,G947,1,onshore_wind,99,42.751676,-93.257571,MISO,IA
9990436,G948,1,onshore_wind,249.6,43.075786,-95.140809,MISO,IA
9990437,G949,1,onshore_wind,200,40.003048,-86.907534,MISO,IN
9990438,G951,1,onshore_wind,99,47.582458,-100.317451,MISO,ND
9990439,G952,1,onshore_wind,100,40.314419,-86.042034,MISO,IN
9990440,G953,1,onshore_wind,50,42.86301,-90.729572,MISO,WI
9990441,G954,1,onshore_wind,50,42.86301,-90.729572,MISO,WI
9990442,G955,1,onshore_wind,99,42.686352,-89.071451,MISO,WI
9990443,G956,1,onshore_wind,50,42.696622,-88.510207,MISO,WI
9990444,G957,1,onshore_wind,300,43.37349,-94.666903,MISO,IA
9990445,G958,1,onshore_wind,120,43.042955,-85.530951,MISO,MI
9990446,G959,1,onshore_wind,200,44.430749,-92.70206,MISO,MN
9990447,G960,1,onshore_wind,200,44.430749,-92.70206,MISO,MN
9990448,G961,1,onshore_wind,200,44.430749,-92.70206,MISO,MN
9990449,G962,1,onshore_wind,100,43.350332,-92.769601,MISO,IA
9990450,G963,1,onshore_wind,200,43.350332,-92.769601,MISO,IA
9990451,G964,1,onshore_wind,300,43.350332,-92.769601,MISO,IA
9990452,G965,1,onshore_wind,300,43.350332,-92.769601,MISO,IA
9990453,G966,1,onshore_wind,100,40.626943,-88.190335,MISO,IL
9990454,G967,1,onshore_wind,101,40.960602,-87.392897,MISO,IN
9990455,G968,1,onshore_wind,100,48.382555,-96.402899,MISO,MN
9990456,G969,1,onshore_wind,18,40.608823,-87.300417,MISO,IN
9990457,G970,1,onshore_wind,100,43.365156,-92.313669,MISO,IA
9990458,G971,1,onshore_wind,20,45.107031,-94.499974,MISO,MN
9990459,G972,1,onshore_wind,400,42.865995,-91.849104,MISO,IA
9990460,G973,1,onshore_wind,501,41.34273,-91.708542,MISO,IA
9990461,G976,1,onshore_wind,18,41.669998,-91.606941,MISO,IA
9990462,G977,1,onshore_wind,101,44.085404,-88.187129,MISO,WI
9990463,G978,1,onshore_wind,100,39.771102,-88.215472,MISO,IL
9990464,G979,1,onshore_wind,100,39.678425,-87.743393,MISO,IL
9990465,G980,1,onshore_wind,60,46.451887,-102.440953,MISO,ND
9990466,G981,1,onshore_wind,19.5,46.334482,-101.650984,MISO,ND
9990467,G982,1,onshore_wind,300,45.643925,-96.974396,MISO,SD
9990468,G985,1,onshore_wind,200,42.865995,-91.849104,MISO,IA
9990469,G986,1,onshore_wind,99,40.794841,-89.218469,MISO,IL
9990470,G987,1,onshore_wind,400,44.411707,-87.997111,MISO,WI
9990471,G988,1,onshore_wind,200,46.119855,-99.396278,MISO,ND
9990472,G991,1,onshore_wind,200,43.685934,-92.048736,MISO,MN
9990473,G993,1,onshore_wind,20,46.991328,-99.75743,MISO,ND
9990474,G994,1,onshore_wind,19.5,47.016251,-104.199851,MISO,MT
9990475,G995,1,onshore_wind,99,42.655097,-90.1204,MISO,WI
9990476,G996,1,onshore_wind,150,40.626943,-88.190335,MISO,IL
9990477,G997,1,onshore_wind,50,43.852661,-83.020298,MISO,MI
9990478,G998,1,onshore_wind,200,40.306516,-86.463556,MISO,IN
9990479,G999,1,onshore_wind,200,40.306516,-86.463556,MISO,IN
9990480,H001,1,onshore_wind,200,40.306516,-86.463556,MISO,IN
9990481,H002,1,onshore_wind,200,40.306516,-86.463556,MISO,IN
9990482,H003,1,onshore_wind,200,40.450891,-90.668713,MISO,IL
9990483,H005,1,onshore_wind,300,43.695879,-94.549583,MISO,MN
9990484,H006,1,onshore_wind,100,39.771102,-88.215472,MISO,IL
9990485,H007,1,onshore_wind,41,42.489446,-91.347601,MISO,IA
9990486,H008,1,onshore_wind,36,42.865995,-91.849104,MISO,IA
9990487,H009,1,onshore_wind,150,42.08971,-92.532708,MISO,IA
9990488,H010,1,onshore_wind,182,41.323828,-93.992806,MISO,IA
9990489,H011,1,onshore_wind,250,43.695416,-92.749276,MISO,MN
9990490,H012,1,onshore_wind,150,43.466828,-89.342991,MISO,WI
9990491,H013,1,onshore_wind,200,39.938065,-85.39177,MISO,IN
9990492,H014,1,onshore_wind,300,39.624624,-85.466924,MISO,IN
9990493,H015,1,onshore_wind,200,40.054777,-86.449255,MISO,IN
9990494,H016,1,onshore_wind,200,43.676966,-96.774725,MISO,SD
9990495,H017,1,onshore_wind,100,44.016183,-95.180153,MISO,MN
9990496,H018,1,onshore_wind,150,44.016183,-95.180153,MISO,MN
9990497,H019,1,onshore_wind,150,43.986156,-94.599966,MISO,MN
9990498,H020,1,onshore_wind,200,42.431851,-94.179376,MISO,IA
9990499,H021,1,onshore_wind,138.6,42.416926,-92.774828,MISO,IA
9990500,H022,1,onshore_wind,33,46.939015,-98.056908,MISO,ND
9990501,H024,1,onshore_wind,48,43.466828,-89.342991,MISO,WI
9990502,H025,1,onshore_wind,200,43.676966,-96.774725,MISO,SD
9990503,H026,1,onshore_wind,150,40.40164,-86.897663,MISO,IN
9990504,H027,1,onshore_wind,200,40.054777,-86.449255,MISO,IN
9990505,H028,1,onshore_wind,299,44.019479,-92.388844,MISO,MN
9990506,H030,1,onshore_wind,200,43.473925,-83.418464,MISO,MI
9990507,H031,1,onshore_wind,160,46.366588,-96.470385,MISO,MN
9990508,H032,1,onshore_wind,180,47.694693,-96.375239,MISO,MN
9990509,H033,1,onshore_wind,300,45.148898,-94.985475,MISO,MN
9990510,H036,1,onshore_wind,30,43.466828,-89.342991,MISO,WI
9990511,H038,1,onshore_wind,200,40.490615,-92.98552,MISO,MO
9990512,H039,1,onshore_wind,71,42.08971,-92.532708,MISO,IA
9990513,H040,1,onshore_wind,81,43.096237,-95.60587,MISO,IA
9990514,H041,1,onshore_wind,400,44.410716,-96.278048,MISO,MN
9990515,H042,1,onshore_wind,50,44.012169,-93.583096,MISO,MN
9990516,H043,1,onshore_wind,50,43.695879,-94.549583,MISO,MN
9990517,H044,1,onshore_wind,75,43.986156,-94.599966,MISO,MN
9990518,H045,1,onshore_wind,50,44.016183,-95.180153,MISO,MN
9990519,H046,1,onshore_wind,100,43.691893,-95.129111,MISO,MN
9990520,H047,1,onshore_wind,35,44.022332,-93.222635,MISO,MN
9990521,H048,1,onshore_wind,50,45.555452,-94.603238,MISO,MN
9990522,H049,1,onshore_wind,45,45.555452,-94.603238,MISO,MN
9990523,H050,1,onshore_wind,200,45.107031,-94.499974,MISO,MN
9990524,H051,1,onshore_wind,40,44.423894,-95.245335,MISO,MN
9990525,H052,1,onshore_wind,50,44.24262,-94.705888,MISO,MN
9990526,H053,1,onshore_wind,50,44.012169,-93.583096,MISO,MN
9990527,H054,1,onshore_wind,40,44.423894,-95.245335,MISO,MN
9990528,H055,1,onshore_wind,40,44.423894,-95.245335,MISO,MN
9990529,H056,1,onshore_wind,40,44.363065,-93.299603,MISO,MN
9990530,H057,1,onshore_wind,40,43.691893,-95.129111,MISO,MN
9990531,H058,1,onshore_wind,45,45.555452,-94.603238,MISO,MN
9990532,H059,1,onshore_wind,40,43.692187,-95.734382,MISO,MN
9990533,H060,1,onshore_wind,270,43.691893,-95.129111,MISO,MN
9990534,H061,1,onshore_wind,39,44.430749,-92.70206,MISO,MN
9990535,H062,1,onshore_wind,39,44.430749,-92.70206,MISO,MN
9990536,H063,1,onshore_wind,40,44.835875,-94.251224,MISO,MN
9990537,H064,1,onshore_wind,39,44.58273,-94.228389,MISO,MN
9990538,H065,1,onshore_wind,40,44.711027,-94.988377,MISO,MN
9990539,H066,1,onshore_wind,70,44.363065,-93.299603,MISO,MN
9990540,H067,1,onshore_wind,40,45.148898,-94.985475,MISO,MN
9990541,H068,1,onshore_wind,40,44.363065,-93.299603,MISO,MN
9990542,H069,1,onshore_wind,55,44.012169,-93.583096,MISO,MN
9990543,H070,1,onshore_wind,85,44.711027,-94.988377,MISO,MN
9990544,H071,1,onshore_wind,40,45.555452,-94.603238,MISO,MN
9990545,H072,1,onshore_wind,200,44.835875,-94.251224,MISO,MN
9990546,H073,1,onshore_wind,100,45.93479,-95.448876,MISO,MN
9990547,H074,1,onshore_wind,47.5,44.430749,-92.70206,MISO,MN
9990548,H075,1,onshore_wind,43.2,43.659082,-86.266417,MISO,MI
9990549,H076,1,onshore_wind,74,42.606984,-85.891756,MISO,MI
9990550,H077,1,onshore_wind,250,43.199769,-94.194405,MISO,IA
9990551,H078,1,onshore_wind,121,42.038923,-92.992355,MISO,IA
9990552,H079,1,onshore_wind,200,39.972006,-91.189213,MISO,IL
9990553,H080,1,onshore_wind,200,42.057302,-89.931044,MISO,IL
9990554,H081,1,onshore_wind,201,44.440121,-95.840616,MISO,MN
9990555,H082,1,onshore_wind,500,47.142166,-101.309263,MISO,ND
9990556,H083,1,onshore_wind,200,44.440121,-95.840616,MISO,MN
9990557,H084,1,onshore_wind,200,47.638424,-101.136682,MISO,ND
9990558,H085,1,onshore_wind,200,42.038923,-92.992355,MISO,IA
9990559,H086,1,onshore_wind,299.2,39.505363,-92.005507,MISO,MO
9990560,H087,1,onshore_wind,300,41.431504,-87.088488,MISO,IN
9990561,H088,1,onshore_wind,150,46.123285,-97.617545,MISO,ND
9990562,H089,1,onshore_wind,200,42.057302,-89.931044,MISO,IL
9990563,H090,1,onshore_wind,60,44.085404,-88.187129,MISO,WI
9990564,H091,1,onshore_wind,101,41.297754,-80.737441,MISO,OH
9990565,H094,1,onshore_wind,99,40.168973,-87.728779,MISO,IL
9990566,H095,1,onshore_wind,550,45.643925,-96.974396,MISO,SD
9990567,H096,1,onshore_wind,50,42.048511,-94.392857,MISO,IA
9990568,H097,1,onshore_wind,120.6,42.042178,-93.941909,MISO,IA
9990569,H098,1,onshore_wind,200,42.184722,-90.55943,MISO,IA
9990570,H099,1,onshore_wind,150,46.905613,-96.495241,MISO,MN
9990571,H100,1,onshore_wind,200,40.168973,-87.728779,MISO,IL
9990572,IP01,1,onshore_wind,50,40.508485,-88.842364,MISO,IL
9990573,IP02,1,onshore_wind,79.19,40.508485,-88.842364,MISO,IL
9990574,IP03,1,onshore_wind,79,40.508485,-88.842364,MISO,IL
9990575,IP04,1,onshore_wind,150,40.508485,-88.842364,MISO,IL
9990576,IP08,1,onshore_wind,80,40.794841,-89.218469,MISO,IL
9990577,J001,1,onshore_wind,150,46.905613,-96.495241,MISO,MN
9990578,J002,1,onshore_wind,100,40.626943,-88.190335,MISO,IL
9990579,J003,1,onshore_wind,20,46.106774,-103.512663,MISO,ND
9990580,J004,1,onshore_wind,200,40.003048,-86.907534,MISO,IN
9990581,J005,1,onshore_wind,17.5,46.0633,-94.891414,MISO,MN
9990582,J006,1,onshore_wind,25,44.357146,-94.259719,MISO,MN
9990583,J007,1,onshore_wind,250,43.383338,-95.607509,MISO,IA
9990584,J008,1,onshore_wind,150,40.947428,-90.206224,MISO,IL
9990585,J009,1,onshore_wind,250,41.897659,-90.518178,MISO,IA
9990586,J011,1,onshore_wind,150,41.563415,-86.741435,MISO,IN
9990587,J013,1,onshore_wind,200,46.99038,-98.949093,MISO,ND
9990588,J014,1,onshore_wind,100,45.555452,-94.603238,MISO,MN
9990589,J015,1,onshore_wind,100,44.430749,-92.70206,MISO,MN
9990590,J016,1,onshore_wind,200,44.022332,-93.222635,MISO,MN
9990591,J017,1,onshore_wind,200,45.555452,-94.603238,MISO,MN
9990592,J018,1,onshore_wind,100,46.106774,-103.512663,MISO,ND
9990593,J019,1,onshore_wind,100,45.93479,-95.448876,MISO,MN
9990594,J024,1,onshore_wind,201,43.672833,-93.313816,MISO,MN
9990595,J026,1,onshore_wind,50,43.695416,-92.749276,MISO,MN
9990596,J027,1,onshore_wind,48.3,45.148898,-94.985475,MISO,MN
9990597,J028,1,onshore_wind,200,40.40164,-86.897663,MISO,IN
9990598,J029,1,onshore_wind,102,43.365156,-92.313669,MISO,IA
9990599,J030,1,onshore_wind,198,43.365156,-92.313669,MISO,IA
9990600,J031,1,onshore_wind,250,46.99038,-98.949093,MISO,ND
9990601,J032,1,onshore_wind,4.94,43.986156,-94.599966,MISO,MN
9990602,J033,1,onshore_wind,4.94,44.016183,-95.180153,MISO,MN
9990603,J034,1,onshore_wind,175,40.1245,-89.3675,MISO,IL
9990604,J035,1,onshore_wind,4.94,46.366588,-96.470385,MISO,MN
9990605,J036,1,onshore_wind,4.94,43.691893,-95.129111,MISO,MN
9990606,J037,1,onshore_wind,64.5,42.606984,-85.891756,MISO,MI
9990607,J038,1,onshore_wind,498,39.757504,-89.682888,MISO,IL
9990608,J041,1,onshore_wind,90,42.416926,-92.774828,MISO,IA
9990609,J042,1,onshore_wind,199.8,46.021882,-94.218375,MISO,MN
9990610,J044,1,onshore_wind,99,39.678425,-87.743393,MISO,IL
9990611,J045,1,onshore_wind,23.1,44.035805,-96.248354,MISO,MN
9990612,J048,1,onshore_wind,140,47.919568,-98.177915,MISO,ND
9990613,J049,1,onshore_wind,16,43.073604,-93.735209,MISO,IA
9990614,J050,1,onshore_wind,250,46.808448,-102.637852,MISO,ND
9990615,J051,1,onshore_wind,200,43.691893,-95.129111,MISO,MN
9990616,J052,1,onshore_wind,100,43.682903,-84.006289,MISO,MI
9990617,J053,1,onshore_wind,200,40.054777,-86.449255,MISO,IN
9990618,J054,1,onshore_wind,197.8,40.314419,-86.042034,MISO,IN
9990619,J055,1,onshore_wind,40,44.777032,-96.656055,MISO,SD
9990620,J056,1,onshore_wind,100.8,41.877033,-84.595522,MISO,MI
9990621,J057,1,onshore_wind,200,40.516292,-82.78646,MISO,OH
9990622,J058,1,onshore_wind,4.94,44.016183,-95.180153,MISO,MN
9990623,J059,1,onshore_wind,99,42.606984,-85.891756,MISO,MI
9990624,J060,1,onshore_wind,29,45.960614,-86.916613,MISO,MI
9990625,J061,1,onshore_wind,70,45.960614,-86.916613,MISO,MI
9990626,J062,1,onshore_wind,250,47.694693,-96.375239,MISO,MN
9990627,J063,1,onshore_wind,200,47.502932,-95.365108,MISO,MN
9990628,J064,1,onshore_wind,100,47.870553,-94.841286,MISO,MN
9990629,J066,1,onshore_wind,60,46.327916,-84.619853,MISO,MI
9990630,J067,1,onshore_wind,300,44.019479,-92.388844,MISO,MN
9990631,J068,1,onshore_wind,100,43.396004,-95.192801,MISO,IA
9990632,J070,1,onshore_wind,49.2,42.9437,-84.6015,MISO,MI
9990633,J072,1,onshore_wind,200.1,43.096237,-95.60587,MISO,IA
9990634,J074,1,onshore_wind,350,43.852661,-83.020298,MISO,MI
9990635,J075,1,onshore_wind,150,43.852661,-83.020298,MISO,MI
9990636,J076,1,onshore_wind,151.2,40.4836,-86.117,MISO,IN
9990637,J077,1,onshore_wind,50,47.694693,-96.375239,MISO,MN
9990638,J079,1,onshore_wind,29,43.466828,-89.342991,MISO,WI
9990639,J080,1,onshore_wind,200,44.388943,-96.775495,MISO,SD
9990640,J081,1,onshore_wind,200,47.3092,-101.8315,MISO,ND
9990641,J082,1,onshore_wind,100,47.3092,-101.8315,MISO,ND
9990642,J083,1,onshore_wind,200,40.36708,-87.340482,MISO,IN
9990643,J084,1,onshore_wind,50,42.86301,-90.729572,MISO,WI
9990644,J085,1,onshore_wind,150,41.877033,-84.595522,MISO,MI
9990645,J086,1,onshore_wind,100,45.148898,-94.985475,MISO,MN
9990646,J087,1,onshore_wind,30,45.148898,-94.985475,MISO,MN
9990647,J088,1,onshore_wind,81,41.881134,-84.061858,MISO,MI
9990648,J090,1,onshore_wind,200,47.3092,-101.8315,MISO,ND
9990649,J091,1,onshore_wind,66,43.073604,-93.735209,MISO,IA
9990650,J092,1,onshore_wind,20,42.048511,-94.392857,MISO,IA
9990651,J093,1,onshore_wind,50,42.048511,-94.392857,MISO,IA
9990652,J094,1,onshore_wind,200,44.121694,-87.806347,MISO,WI
9990653,J095,1,onshore_wind,300,43.090542,-93.231955,MISO,IA
9990654,J096,1,onshore_wind,150,42.08971,-92.532708,MISO,IA
9990655,J097,1,onshore_wind,200,40.906954,-91.194333,MISO,IA
9990656,J098,1,onshore_wind,150,46.115778,-98.478795,MISO,ND
9990657,J099,1,onshore_wind,48.6,41.877033,-84.595522,MISO,MI
9990658,J100,1,onshore_wind,300,41.374709,-90.114223,MISO,IL
9990659,J1004,1,onshore_wind,800,43.469878,-85.292454,MISO,MI
9990660,J101,1,onshore_wind,300,41.374709,-90.114223,MISO,IL
9990661,J1017,1,onshore_wind,125,40.656219,-86.774206,MISO,IN
9990662,J1018,1,onshore_wind,150,40.782663,-86.052132,MISO,IN
9990663,J1019,1,onshore_wind,150,38.9906,-92.3097,MISO,MO
9990664,J1021,1,onshore_wind,200,39.978566,-88.597863,MISO,IL
9990665,J1022,1,onshore_wind,150,40.508485,-88.842364,MISO,IL
9990666,J1024,1,onshore_wind,200,40.376036,-94.899105,MISO,MO
9990667,J1025,1,onshore_wind,300,40.1282,-92.1481,MISO,MO
9990668,J1026,1,onshore_wind,400,39.323744,-91.575964,MISO,MO
9990669,J103,1,onshore_wind,20,42.046608,-93.435588,MISO,IA
9990670,J1031,1,onshore_wind,150,39.938065,-85.39177,MISO,IN
9990671,J1040,1,onshore_wind,250,46.119855,-99.396278,MISO,ND
9990672,J1043,1,onshore_wind,374.4,43.325191,-85.157871,MISO,MI
9990673,J1048,1,onshore_wind,250,43.469878,-85.292454,MISO,MI
9990674,J105,1,onshore_wind,80,40.626943,-88.190335,MISO,IL
9990675,J1050,1,onshore_wind,225,42.182389,-93.858586,MISO,IA
9990676,J1055,1,onshore_wind,144,40.2396,-89.9168,MISO,IL
9990677,J1056,1,onshore_wind,200,41.9287,-83.5375,MISO,MI
9990678,J1064,1,onshore_wind,200,42.941827,-85.082972,MISO,MI
9990679,J1065,1,onshore_wind,200,43.280381,-84.60826,MISO,MI
9990680,J1066,1,onshore_wind,44,39.629555,-90.88281,MISO,IL
9990681,J1068,1,onshore_wind,200,42.255319,-83.843612,MISO,MI
9990682,J1069,1,onshore_wind,200,41.045591,-86.931126,MISO,IN
9990683,J107,1,onshore_wind,200,40.1245,-89.3675,MISO,IL
9990684,J1075,1,onshore_wind,350,41.9154,-85.9935,MISO,MI
9990685,J1077,1,onshore_wind,250,41.9154,-85.9935,MISO,MI
9990686,J108,1,onshore_wind,165,40.626943,-88.190335,MISO,IL
9990687,J1080,1,onshore_wind,99,40.282574,-88.937121,MISO,IL
9990688,J1081,1,onshore_wind,300,47.694693,-96.375239,MISO,MN
9990689,J1082,1,onshore_wind,400,40.265546,-93.585789,MISO,MO
9990690,J1085,1,onshore_wind,300,44.861847,-90.29352,MISO,WI
9990691,J109,1,onshore_wind,99,42.655097,-90.1204,MISO,WI
9990692,J1106,1,onshore_wind,414,44.423894,-95.245335,MISO,MN
9990693,J1109,1,onshore_wind,207,46.936179,-97.20091,MISO,ND
9990694,J111,1,onshore_wind,150,43.695416,-92.749276,MISO,MN
9990695,J1114,1,onshore_wind,200,42.737094,-96.202391,MISO,IA
9990696,J1115,1,onshore_wind,200,39.855282,-88.963006,MISO,IL
9990697,J1116,1,onshore_wind,100,39.8236,-85.7733,MISO,IN
9990698,J1118,1,onshore_wind,150,39.978566,-88.597863,MISO,IL
9990699,J112,1,onshore_wind,4.94,43.994953,-91.740899,MISO,MN
9990700,J1120,1,onshore_wind,145,29.857111,-94.154168,MISO,TX
9990701,J1122,1,onshore_wind,200,41.335852,-95.536301,MISO,IA
9990702,J1123,1,onshore_wind,150,39.23288,-91.868652,MISO,MO
9990703,J1126,1,onshore_wind,1.1,43.473925,-83.418464,MISO,MI
9990704,J113,1,onshore_wind,100.5,40.443233,-95.43622,MISO,MO
9990705,J1138,1,onshore_wind,70,46.648549,-88.377909,MISO,MI
9990706,J114,1,onshore_wind,150,42.08971,-92.532708,MISO,IA
9990707,J115,1,onshore_wind,500,37.81505,-90.509704,MISO,MO
9990708,J1150,1,onshore_wind,30,40.782663,-86.052132,MISO,IN
9990709,J116,1,onshore_wind,999,43.073604,-93.735209,MISO,IA
9990710,J1175,1,onshore_wind,165,43.388272,-93.245767,MISO,IA
9990711,J1176,1,onshore_wind,145,43.249893,-93.264306,MISO,IA
9990712,J1177,1,onshore_wind,300,40.473942,-92.526649,MISO,MO
9990713,J118,1,onshore_wind,50,42.048511,-94.392857,MISO,IA
9990714,J1181,1,onshore_wind,200,43.047089,-92.303994,MISO,IA
9990715,J1185,1,onshore_wind,200,40.490615,-92.98552,MISO,MO
9990716,J1187,1,onshore_wind,151.8,47.3092,-101.8315,MISO,ND
9990717,J119,1,onshore_wind,61.2,46.327916,-84.619853,MISO,MI
9990718,J1194,1,onshore_wind,225.2,43.483998,-84.275697,MISO,MI
9990719,J1195,1,onshore_wind,150.4,41.912027,-85.051812,MISO,MI
9990720,J121,1,onshore_wind,100,40.626943,-88.190335,MISO,IL
9990721,J122,1,onshore_wind,60,43.852661,-83.020298,MISO,MI
9990722,J124,1,onshore_wind,50,41.678434,-80.764626,MISO,OH
9990723,J1244,1,onshore_wind,38.4,46.939526,-88.740235,MISO,MI
9990724,J125,1,onshore_wind,151.2,39.855282,-88.963006,MISO,IL
9990725,J126,1,onshore_wind,4.94,43.994953,-91.740899,MISO,MN
9990726,J1270,1,onshore_wind,200,43.084683,-94.675507,MISO,IA
9990727,J128,1,onshore_wind,100,41.0332,-89.3448,MISO,IL
9990728,J1289,1,onshore_wind,200,39.746573,-90.194274,MISO,IL
9990729,J1292,1,onshore_wind,198,42.941827,-85.082972,MISO,MI
9990730,J1315,1,onshore_wind,600,44.182125,-95.386784,MISO,MN
9990731,J1317,1,onshore_wind,150,43.457406,-82.797498,MISO,MI
9990732,J1319,1,onshore_wind,117.5,43.852661,-83.020298,MISO,MI
9990733,J132,1,onshore_wind,125,43.280381,-84.60826,MISO,MI
9990734,J133,1,onshore_wind,200,45.009101,-97.202055,MISO,SD
9990735,J1338,1,onshore_wind,150,39.23288,-91.868652,MISO,MO
9990736,J134,1,onshore_wind,150,43.037139,-89.389671,MISO,WI
9990737,J1341,1,onshore_wind,398,42.488778,-91.808815,MISO,IA
9990738,J135,1,onshore_wind,200,44.361809,-91.785829,MISO,WI
9990739,J136,1,onshore_wind,40,43.685934,-92.048736,MISO,MN
9990740,J1360,1,onshore_wind,300,39.978566,-88.597863,MISO,IL
9990741,J1365,1,onshore_wind,169.4,42.08971,-92.532708,MISO,IA
9990742,J1366,1,onshore_wind,200,44.736041,-91.292822,MISO,WI
9990743,J137,1,onshore_wind,100,43.695416,-92.749276,MISO,MN
9990744,J1371,1,onshore_wind,150,44.727888,-95.919791,MISO,MN
9990745,J1374,1,onshore_wind,95,42.86301,-90.729572,MISO,WI
9990746,J1376,1,onshore_wind,100,38.833161,-92.799785,MISO,MO
9990747,J138,1,onshore_wind,48,44.019479,-92.388844,MISO,MN
9990748,J139,1,onshore_wind,200,42.86301,-90.729572,MISO,WI
9990749,J140,1,onshore_wind,100,43.685934,-92.048736,MISO,MN
9990750,J1400,1,onshore_wind,150,35.214497,-90.330899,MISO,AR
9990751,J1404,1,onshore_wind,167,33.586168,-90.593748,MISO,MS
9990752,J1406,1,onshore_wind,25.2,43.296124,-86.183293,MISO,MI
9990753,J141,1,onshore_wind,200,43.685934,-92.048736,MISO,MN
9990754,J1427,1,onshore_wind,400,42.0802,-92.0657,MISO,IA
9990755,J1432,1,onshore_wind,250,41.897659,-90.518178,MISO,IA
9990756,J1437,1,onshore_wind,180,36.341,-93.5382,MISO,AR
9990757,J1453,1,onshore_wind,188.3,40.2396,-89.9168,MISO,IL
9990758,J1454,1,onshore_wind,58.5,40.2396,-89.9168,MISO,IL
9990759,J1456,1,onshore_wind,300,47.582458,-100.317451,MISO,ND
9990760,J146,1,onshore_wind,99,43.74216,-88.490046,MISO,WI
9990761,J1467,1,onshore_wind,150,42.865995,-91.849104,MISO,IA
9990762,J147,1,onshore_wind,60,46.327916,-84.619853,MISO,MI
9990763,J1470,1,onshore_wind,30,40.494144,-87.328076,MISO,IN
9990764,J148,1,onshore_wind,4.94,44.019479,-92.388844,MISO,MN
9990765,J1480,1,onshore_wind,70,42.483465,-92.312817,MISO,IA
9990766,J1483,1,onshore_wind,99,43.010982,-90.142222,MISO,WI
9990767,J1485,1,onshore_wind,250,44.777032,-96.656055,MISO,SD
9990768,J1487,1,onshore_wind,120,43.672833,-93.313816,MISO,MN
9990769,J150,1,onshore_wind,99,48.219494,-102.318377,MISO,ND
9990770,J1508,1,onshore_wind,98.9,44.897013,-89.787226,MISO,WI
9990771,J151,1,onshore_wind,350,44.026737,-96.670293,MISO,SD
9990772,J1512,1,onshore_wind,98.9,42.673274,-90.135506,MISO,WI
9990773,J1521,1,onshore_wind,199.5,45.377198,-97.625866,MISO,SD
9990774,J153,1,onshore_wind,30,41.669998,-91.606941,MISO,IA
9990775,J1536,1,onshore_wind,150,43.655432,-84.850168,MISO,MI
9990776,J154,1,onshore_wind,500,41.34273,-91.708542,MISO,IA
9990777,J155,1,onshore_wind,4.94,44.440121,-95.840616,MISO,MN
9990778,J1557,1,onshore_wind,293,43.457406,-82.805737,MISO,MI
9990779,J156,1,onshore_wind,185.6,41.3248,-86.2618,MISO,IN
9990780,J157,1,onshore_wind,27,48.288692,-98.698177,MISO,ND
9990781,J1575,1,onshore_wind,70,48.544646,-96.713263,MISO,MN
9990782,J158,1,onshore_wind,150,39.978566,-88.597863,MISO,IL
9990783,J159,1,onshore_wind,101.2,39.855282,-88.963006,MISO,IL
9990784,J1590,1,onshore_wind,200,42.756255,-96.24359,MISO,IA
9990785,J1594,1,onshore_wind,200,44.855052,-97.715125,MISO,SD
9990786,J160,1,onshore_wind,101.2,39.855282,-88.963006,MISO,IL
9990787,J161,1,onshore_wind,155,43.473925,-83.418464,MISO,MI
9990788,J1613,1,onshore_wind,400,46.950242,-97.198163,MISO,ND
9990789,J1621,1,onshore_wind,400,45.778278,-99.173189,MISO,SD
9990790,J1627,1,onshore_wind,200,40.740813,-86.879949,MISO,IN
9990791,J1628,1,onshore_wind,200,40.740813,-86.879949,MISO,IN
9990792,J163,1,onshore_wind,100,40.40164,-86.897663,MISO,IN
9990793,J1631,1,onshore_wind,200,44.7347,-90.6121,MISO,WI
9990794,J164,1,onshore_wind,99,41.357601,-82.620194,MISO,OH
9990795,J165,1,onshore_wind,97.6,41.609903,-84.119242,MISO,OH
9990796,J166,1,onshore_wind,99,41.609903,-84.119242,MISO,OH
9990797,J1666,1,onshore_wind,300,42.5971,-84.3735,MISO,MI
9990798,J1667,1,onshore_wind,200,43.63173,-84.608627,MISO,MI
9990799,J1675,1,onshore_wind,250,39.6786,-87.7456,MISO,IL
9990800,J1676,1,onshore_wind,300,40.4909,-88.8473,MISO,IL
9990801,J168,1,onshore_wind,200,39.8932,-94.4047,MISO,MO
9990802,J170,1,onshore_wind,200,43.473925,-83.418464,MISO,MI
9990803,J1701,1,onshore_wind,200,40.4562,-90.6779,MISO,IL
9990804,J1702,1,onshore_wind,300,39.667258,-88.923389,MISO,IL
9990805,J1713,1,onshore_wind,147.19,39.86,-88.9616,MISO,IL
9990806,J1718,1,onshore_wind,200,40.1834,-87.7328,MISO,IL
9990807,J1725,1,onshore_wind,100,40.5075,-89.5134,MISO,IL
9990808,J1727,1,onshore_wind,33.75,43.0819,-93.7343,MISO,IA
9990809,J1728,1,onshore_wind,39,42.0362,-93.465,MISO,IA
9990810,J1729,1,onshore_wind,43,43.0819,-93.7343,MISO,IA
9990811,J1754,1,onshore_wind,200,48.2346,-100.6363,MISO,ND
9990812,J1755,1,onshore_wind,147.19,41.4041,-89.5287,MISO,IL
9990813,J1757,1,onshore_wind,300,39.5203,-88.2218,MISO,IL
9990814,J1758,1,onshore_wind,42,46.9361,-98.0716,MISO,ND
9990815,J176,1,onshore_wind,200,43.280381,-84.60826,MISO,MI
9990816,J1761,1,onshore_wind,39,46.9361,-98.0716,MISO,ND
9990817,J1763,1,onshore_wind,33,48.7723,-98.4648,MISO,ND
9990818,J1767,1,onshore_wind,37,43.0819,-93.7343,MISO,IA
9990819,J1769,1,onshore_wind,120,43.3568,-92.3172,MISO,IA
9990820,J177,1,onshore_wind,97.5,45.04148,-92.443795,MISO,WI
9990821,J1770,1,onshore_wind,150,40.1834,-87.7328,MISO,IL
9990822,J1773,1,onshore_wind,300,42.814973,-90.156792,MISO,WI
9990823,J1774,1,onshore_wind,50,40.3469,-87.3533,MISO,IN
9990824,J1776,1,onshore_wind,34,43.3786,-95.6237,MISO,IA
9990825,J178,1,onshore_wind,99.6,46.974662,-100.476278,MISO,ND
9990826,J1781,1,onshore_wind,300,42.814973,-90.156792,MISO,WI
9990827,J179,1,onshore_wind,47.5,44.430749,-92.70206,MISO,MN
9990828,J180,1,onshore_wind,39,44.430749,-92.70206,MISO,MN
9990829,J1800,1,onshore_wind,25,43.6714,-92.7525,MISO,MN
9990830,J1801,1,onshore_wind,39,42.0362,-93.465,MISO,IA
9990831,J1803,1,onshore_wind,1.6,46.8978,-88.6874,MISO,MI
9990832,J1812,1,onshore_wind,294.25,29.7386,-94.611,MISO,TX
9990833,J1817,1,onshore_wind,20,46.8978,-88.6874,MISO,MI
9990834,J182,1,onshore_wind,150,44.042331,-92.848214,MISO,MN
9990835,J1822,1,onshore_wind,200,42.7325,-93.2625,MISO,IA
9990836,J183,1,onshore_wind,200,43.692108,-96.252881,MISO,MN
9990837,J1831,1,onshore_wind,200,40.032083,-89.577958,MISO,IL
9990838,J1835,1,onshore_wind,200,38.0141,-87.0077,MISO,IN
9990839,J1837,1,onshore_wind,200,39.3911,-88.8055,MISO,IL
9990840,J184,1,onshore_wind,100,43.692108,-96.252881,MISO,MN
9990841,J1841,1,onshore_wind,52,35.2957,-90.7712,MISO,AR
9990842,J1842,1,onshore_wind,135,35.2957,-90.7712,MISO,AR
9990843,J185,1,onshore_wind,100,43.852661,-83.020298,MISO,MI
9990844,J1859,1,onshore_wind,200,41.3366,-95.5423,MISO,IA
9990845,J186,1,onshore_wind,100,43.852661,-83.020298,MISO,MI
9990846,J1864,1,onshore_wind,250,43.0816,-93.2608,MISO,IA
9990847,J1865,1,onshore_wind,250,42.3839,-93.2404,MISO,IA
9990848,J1866,1,onshore_wind,125,44.7347,-90.6121,MISO,WI
9990849,J1867,1,onshore_wind,200,42.7325,-93.2625,MISO,IA
9990850,J187,1,onshore_wind,198,42.969018,-84.14281,MISO,MI
9990851,J188,1,onshore_wind,99,41.881134,-84.061858,MISO,MI
9990852,J1888,1,onshore_wind,175,47.131565,-101.368638,MISO,MN
9990853,J189,1,onshore_wind,200,43.676966,-96.774725,MISO,SD
9990854,J1893,1,onshore_wind,500,46.7161,-101.2811,MISO,ND
9990855,J1896,1,onshore_wind,100,37.7958,-87.573,MISO,KY
9990856,J190,1,onshore_wind,100,42.9598,-85.9961,MISO,MI
9990857,J1903,1,onshore_wind,140,43.3786,-95.6237,MISO,IA
9990858,J191,1,onshore_wind,101.2,41.3315,-94.9278,MISO,IA
9990859,J192,1,onshore_wind,500,41.34273,-91.708542,MISO,IA
9990860,J1926,1,onshore_wind,200,40.5075,-89.5134,MISO,IL
9990861,J193,1,onshore_wind,50,46.425242,-95.713536,MISO,MN
9990862,J1931,1,onshore_wind,40,43.0005,-90.1354,MISO,WI
9990863,J194,1,onshore_wind,300,44.333,-86.0568,MISO,MI
9990864,J195,1,onshore_wind,200,42.969018,-84.14281,MISO,MI
9990865,J1952,1,onshore_wind,180,43.0816,-93.2608,MISO,IA
9990866,J196,1,onshore_wind,50,40.168973,-87.728779,MISO,IL
9990867,J1961,1,onshore_wind,190,46.950242,-97.198163,MISO,ND
9990868,J1966,1,onshore_wind,200,40.3017,-86.4751,MISO,IN
9990869,J1967,1,onshore_wind,150,40.1401,-88.1992,MISO,IL
9990870,J197,1,onshore_wind,124.8,41.881134,-84.061858,MISO,MI
9990871,J1978,1,onshore_wind,175,42.7342,-94.6787,MISO,IA
9990872,J1979,1,onshore_wind,200,43.0601,-92.3177,MISO,IA
9990873,J198,1,onshore_wind,99,44.440121,-95.840616,MISO,MN
9990874,J1989,1,onshore_wind,250,45.5898,-98.3516,MISO,SD
9990875,J199,1,onshore_wind,120,43.280381,-84.60826,MISO,MI
9990876,J1990,1,onshore_wind,250,46.9793,-98.9588,MISO,ND
9990877,J1998,1,onshore_wind,66,42.7325,-93.2625,MISO,IA
9990878,J201,1,onshore_wind,20,43.682903,-84.006289,MISO,MI
9990879,J2019,1,onshore_wind,150,48.7724,-99.8409,MISO,ND
9990880,J202,1,onshore_wind,101,43.473925,-83.418464,MISO,MI
9990881,J203,1,onshore_wind,200,43.457406,-82.797498,MISO,MI
9990882,J2031,1,onshore_wind,100,42.0798,-92.5326,MISO,IA
9990883,J2038,1,onshore_wind,300,40.0404,-86.8933,MISO,IN
9990884,J204,1,onshore_wind,200,42.2465,-85.0056,MISO,MI
9990885,J2040,1,onshore_wind,150,43.3779,-95.1509,MISO,IA
9990886,J2048,1,onshore_wind,100,40.6063,-87.3109,MISO,IN
9990887,J2049,1,onshore_wind,200,39.625605,-88.907388,MISO,IL
9990888,J205,1,onshore_wind,200,39.227425,-89.462177,MISO,IL
9990889,J2053,1,onshore_wind,151.47,44.4037,-95.2538,MISO,MN
9990890,J2054,1,onshore_wind,67,43.6738,-93.3488,MISO,MN
9990891,J2058,1,onshore_wind,100,41.9287,-83.5375,MISO,MI
9990892,J2067,1,onshore_wind,39.4,46.8924,-96.4907,MISO,MN
9990893,J2079,1,onshore_wind,150,43.0819,-93.7343,MISO,IA
9990894,J208,1,onshore_wind,500,41.1462,-82.5984,MISO,OH
9990895,J2080,1,onshore_wind,200,47.1153,-101.3403,MISO,ND
9990896,J209,1,onshore_wind,250,46.119855,-99.396278,MISO,ND
9990897,J2092,1,onshore_wind,100,45.174,-93.9631,MISO,MN
9990898,J2097,1,onshore_wind,100,46.7161,-101.2811,MISO,ND
9990899,J2104,1,onshore_wind,550,44.19788,-95.559818,MISO,MN
9990900,J2106,1,onshore_wind,150,42.0362,-93.465,MISO,IA
9990901,J2115,1,onshore_wind,98.3,39.86,-88.9616,MISO,IL
9990902,J212,1,onshore_wind,600,48.227309,-101.550226,MISO,ND
9990903,J2122,1,onshore_wind,33,42.7325,-93.2625,MISO,IA
9990904,J213,1,onshore_wind,200,39.757504,-89.682888,MISO,IL
9990905,J2132,1,onshore_wind,300,39.8538,-87.464,MISO,IN
9990906,J214,1,onshore_wind,150,41.3248,-86.2618,MISO,IN
9990907,J2157,1,onshore_wind,100,46.7161,-101.2811,MISO,ND
9990908,J216,1,onshore_wind,25,43.695416,-92.749276,MISO,MN
9990909,J217,1,onshore_wind,50,43.466828,-89.342991,MISO,WI
9990910,J218,1,onshore_wind,150,46.103995,-102.517517,MISO,ND
9990911,J2189,1,onshore_wind,15.6,40.4562,-90.6779,MISO,IL
9990912,J2192,1,onshore_wind,99.9,40.1834,-87.7328,MISO,IL
9990913,J221,1,onshore_wind,5,45.04148,-92.443795,MISO,WI
9990914,J222,1,onshore_wind,200,43.280381,-84.60826,MISO,MI
9990915,J223,1,onshore_wind,30,43.695416,-92.749276,MISO,MN
9990916,J2241,1,onshore_wind,320,40.6063,-87.3109,MISO,IN
9990917,J2247,1,onshore_wind,182.2,41.0332,-89.3448,MISO,IL
9990918,J225,1,onshore_wind,100,42.5961,-84.8383,MISO,MI
9990919,J2250,1,onshore_wind,200,46.9793,-98.9588,MISO,ND
9990920,J2256,1,onshore_wind,150,42.7765,-94.2072,MISO,IA
9990921,J2260,1,onshore_wind,251.5,45.3402,-83.9176,MISO,MI
9990922,J2275,1,onshore_wind,249.1,40.788,-89.76,MISO,IL
9990923,J2283,1,onshore_wind,16.1,41.8878,-84.5929,MISO,MI
9990924,J2311,1,onshore_wind,145,41.241167,-89.166524,MISO,IL
9990925,J2312,1,onshore_wind,47.9,41.241167,-89.166524,MISO,IL
9990926,J235,1,onshore_wind,110,43.852661,-83.020298,MISO,MI
9990927,J243,1,onshore_wind,75,43.691893,-95.129111,MISO,MN
9990928,J245,1,onshore_wind,100,43.473925,-83.418464,MISO,MI
9990929,J246,1,onshore_wind,7,43.280381,-84.60826,MISO,MI
9990930,J247,1,onshore_wind,150,43.457406,-82.797498,MISO,MI
9990931,J249,1,onshore_wind,180,46.115778,-98.478795,MISO,ND
9990932,J251,1,onshore_wind,27.5,48.288692,-98.698177,MISO,ND
9990933,J252,1,onshore_wind,39.09,41.6846,-94.9058,MISO,IA
9990934,J253,1,onshore_wind,48.3,42.3897,-96.0448,MISO,IA
9990935,J254,1,onshore_wind,200,44.440121,-95.840616,MISO,MN
9990936,J257,1,onshore_wind,149.5,40.960602,-87.392897,MISO,IN
9990937,J260,1,onshore_wind,100,40.626943,-88.190335,MISO,IL
9990938,J261,1,onshore_wind,100,40.003048,-86.907534,MISO,IN
9990939,J262,1,onshore_wind,100,46.99038,-98.949093,MISO,ND
9990940,J263,1,onshore_wind,100,46.99038,-98.949093,MISO,ND
9990941,J264,1,onshore_wind,120.75,42.969018,-84.14281,MISO,MI
9990942,J265,1,onshore_wind,100,41.0332,-89.3448,MISO,IL
9990943,J266,1,onshore_wind,200,45.643925,-96.974396,MISO,SD
9990944,J267,1,onshore_wind,125,43.473925,-83.418464,MISO,MI
9990945,J270,1,onshore_wind,197.8,40.960602,-87.392897,MISO,IN
9990946,J272,1,onshore_wind,170.2,41.6864,-92.5315,MISO,IA
9990947,J273,1,onshore_wind,149.6,40.173813,-88.909212,MISO,IL
9990948,J274,1,onshore_wind,100,41.323828,-93.992806,MISO,IA
9990949,J276,1,onshore_wind,150,40.762186,-87.795873,MISO,IL
9990950,J277,1,onshore_wind,150,40.762186,-87.795873,MISO,IL
9990951,J278,1,onshore_wind,200,43.695416,-92.749276,MISO,MN
9990952,J281,1,onshore_wind,50,43.852661,-83.020298,MISO,MI
9990953,J282,1,onshore_wind,50,43.852661,-83.020298,MISO,MI
9990954,J283,1,onshore_wind,20,44.016183,-95.180153,MISO,MN
9990955,J285,1,onshore_wind,250,43.096237,-95.60587,MISO,IA
9990956,J286,1,onshore_wind,198.9,41.714425,-94.743863,MISO,IA
9990957,J287,1,onshore_wind,56.7,43.692187,-95.734382,MISO,MN
9990958,J288,1,onshore_wind,40,45.099276,-94.759526,MISO,MN
9990959,J289,1,onshore_wind,20,41.323828,-93.992806,MISO,IA
9990960,J290,1,onshore_wind,150,48.769899,-99.835265,MISO,ND
9990961,J296,1,onshore_wind,69.3,45.3402,-83.9176,MISO,MI
9990962,J297,1,onshore_wind,150,43.096237,-95.60587,MISO,IA
9990963,J298,1,onshore_wind,300,42.08971,-92.532708,MISO,IA
9990964,J300,1,onshore_wind,60,46.0802,-85.0868,MISO,MI
9990965,J301,1,onshore_wind,101,43.473925,-83.418464,MISO,MI
9990966,J302,1,onshore_wind,101.2,46.342723,-99.920611,MISO,ND
9990967,J306,1,onshore_wind,101,45.723717,-96.261117,MISO,MN
9990968,J307,1,onshore_wind,201,43.985292,-85.315561,MISO,MI
9990969,J308,1,onshore_wind,301,43.457406,-82.797498,MISO,MI
9990970,J310,1,onshore_wind,200,44.02727,-93.044794,MISO,MN
9990971,J311,1,onshore_wind,201,40.376036,-94.899105,MISO,MO
9990972,J312,1,onshore_wind,201,40.306516,-86.463556,MISO,IN
9990973,J313,1,onshore_wind,201,40.003048,-86.907534,MISO,IN
9990974,J314,1,onshore_wind,101,43.466828,-89.342991,MISO,WI
9990975,J315,1,onshore_wind,101,42.686352,-89.071451,MISO,WI
9990976,J316,1,onshore_wind,150,46.115778,-98.478795,MISO,ND
9990977,J318,1,onshore_wind,30,39.693074,-89.975399,MISO,IL
9990978,J321,1,onshore_wind,151.2,43.457406,-82.797498,MISO,MI
9990979,J323,1,onshore_wind,19.79,29.7047,-91.4432,MISO,LA
9990980,J325,1,onshore_wind,4,43.852661,-83.020298,MISO,MI
9990981,J327,1,onshore_wind,150,43.852661,-83.020298,MISO,MI
9990982,J340,1,onshore_wind,100,43.852661,-83.020298,MISO,MI
9990983,J342,1,onshore_wind,305,42.488778,-91.808815,MISO,IA
9990984,J343,1,onshore_wind,150,41.029,-94.6992,MISO,IA
9990985,J344,1,onshore_wind,169,41.3352,-92.6409,MISO,IA
9990986,J346,1,onshore_wind,201,40.376036,-94.899105,MISO,MO
9990987,J354,1,onshore_wind,52,43.852661,-83.020298,MISO,MI
9990988,J375,1,onshore_wind,124,40.626943,-88.190335,MISO,IL
9990989,J395,1,onshore_wind,98,42.655097,-90.1204,MISO,WI
9990990,J407,1,onshore_wind,200,43.672833,-93.313816,MISO,MN
9990991,J408,1,onshore_wind,200,43.457406,-82.797498,MISO,MI
9990992,J409,1,onshore_wind,150,42.865995,-91.849104,MISO,IA
9990993,J410,1,onshore_wind,300,42.865995,-91.849104,MISO,IA
9990994,J411,1,onshore_wind,300,42.3869,-95.5135,MISO,IA
9990995,J412,1,onshore_wind,200,42.3869,-95.5135,MISO,IA
9990996,J414,1,onshore_wind,120,43.672833,-93.313816,MISO,MN
9990997,J415,1,onshore_wind,200,42.751676,-93.257571,MISO,IA
9990998,J416,1,onshore_wind,200,42.751676,-93.257571,MISO,IA
9990999,J426,1,onshore_wind,100,44.035805,-96.248354,MISO,MN
9991000,J429,1,onshore_wind,100,29.857111,-94.154168,MISO,TX
9991001,J431,1,onshore_wind,100,40.608823,-87.300417,MISO,IN
9991002,J432,1,onshore_wind,98,44.388943,-96.775495,MISO,SD
9991003,J436,1,onshore_wind,150,45.154079,-96.97794,MISO,SD
9991004,J437,1,onshore_wind,150,45.154079,-96.97794,MISO,SD
9991005,J438,1,onshore_wind,170,41.6864,-92.5315,MISO,IA
9991006,J439,1,onshore_wind,500,43.37349,-94.666903,MISO,IA
9991007,J441,1,onshore_wind,170,44.042331,-92.848214,MISO,MN
9991008,J442,1,onshore_wind,200,44.777032,-96.656055,MISO,SD
9991009,J443,1,onshore_wind,41,42.489446,-91.347601,MISO,IA
9991010,J446,1,onshore_wind,200,40.306516,-86.463556,MISO,IN
9991011,J447,1,onshore_wind,150,43.090542,-93.231955,MISO,IA
9991012,J448,1,onshore_wind,202,43.350332,-92.769601,MISO,IA
9991013,J449,1,onshore_wind,202,43.350332,-92.769601,MISO,IA
9991014,J450,1,onshore_wind,200,43.852661,-83.020298,MISO,MI
9991015,J452,1,onshore_wind,150,43.457406,-82.797498,MISO,MI
9991016,J454,1,onshore_wind,18.9,44.440121,-95.840616,MISO,MN
9991017,J455,1,onshore_wind,300,43.075786,-95.140809,MISO,IA
9991018,J456,1,onshore_wind,150,40.450891,-90.668713,MISO,IL
9991019,J457,1,onshore_wind,150,46.115778,-98.478795,MISO,ND
9991020,J458,1,onshore_wind,200,44.8582,-97.7295,MISO,SD
9991021,J459,1,onshore_wind,200,45.184093,-96.776067,MISO,SD
9991022,J460,1,onshore_wind,200,44.410716,-96.278048,MISO,MN
9991023,J461,1,onshore_wind,299.2,42.08971,-92.532708,MISO,IA
9991024,J462,1,onshore_wind,598.4,43.37349,-94.666903,MISO,IA
9991025,J467,1,onshore_wind,102,39.771102,-88.215472,MISO,IL
9991026,J468,1,onshore_wind,202,39.771102,-88.215472,MISO,IL
9991027,J470,1,onshore_wind,150,46.408098,-87.590233,MISO,MI
9991028,J474,1,onshore_wind,144,40.173813,-88.909212,MISO,IL
9991029,J475,1,onshore_wind,200,41.6864,-92.5315,MISO,IA
9991030,J476,1,onshore_wind,246,40.443233,-95.43622,MISO,MO
9991031,J478,1,onshore_wind,200,40.306516,-86.463556,MISO,IN
9991032,J488,1,onshore_wind,151.8,45.329096,-96.95929,MISO,SD
9991033,J489,1,onshore_wind,151.8,45.329096,-96.95929,MISO,SD
9991034,J490,1,onshore_wind,60,44.076177,-103.204996,MISO,SD
9991035,J493,1,onshore_wind,150,44.727888,-95.919791,MISO,MN
9991036,J495,1,onshore_wind,200,43.373868,-93.711402,MISO,IA
9991037,J496,1,onshore_wind,151.8,43.457406,-82.797498,MISO,MI
9991038,J497,1,onshore_wind,170,42.0802,-92.0657,MISO,IA
9991039,J498,1,onshore_wind,340,42.05208,-94.101033,MISO,IA
9991040,J499,1,onshore_wind,340,41.318156,-94.242059,MISO,IA
9991041,J500,1,onshore_wind,500,41.3307,-94.471,MISO,IA
9991042,J501,1,onshore_wind,500,43.155705,-93.971932,MISO,IA
9991043,J503,1,onshore_wind,98.8,46.342723,-99.920611,MISO,ND
9991044,J506,1,onshore_wind,200,42.737094,-96.202391,MISO,IA
9991045,J511,1,onshore_wind,200,47.142166,-101.309263,MISO,ND
9991046,J512,1,onshore_wind,250,43.692187,-95.734382,MISO,MN
9991047,J513,1,onshore_wind,100.05,40.76396,-86.847677,MISO,
9991048,J515,1,onshore_wind,400,40.494144,-87.328076,MISO,IN
9991049,J519,1,onshore_wind,200,41.6846,-94.9058,MISO,IA
9991050,J520,1,onshore_wind,100,44.035805,-96.248354,MISO,MN
9991051,J521,1,onshore_wind,100,43.852661,-83.020298,MISO,MI
9991052,J526,1,onshore_wind,300,44.777032,-96.656055,MISO,SD
9991053,J527,1,onshore_wind,250,41.3307,-94.471,MISO,IA
9991054,J528,1,onshore_wind,200,41.3307,-94.471,MISO,IA
9991055,J529,1,onshore_wind,250,43.084683,-94.675507,MISO,IA
9991056,J530,1,onshore_wind,250,41.6863,-92.0655,MISO,IA
9991057,J531,1,onshore_wind,200,43.047089,-92.303994,MISO,IA
9991058,J533,1,onshore_wind,200,43.280381,-84.60826,MISO,MI
9991059,J534,1,onshore_wind,250,42.908084,-94.222593,MISO,IA
9991060,J535,1,onshore_wind,210,42.3862,-95.1054,MISO,IA
9991061,J537,1,onshore_wind,200,43.457406,-82.797498,MISO,MI
9991062,J538,1,onshore_wind,150,41.877033,-84.595522,MISO,MI
9991063,J541,1,onshore_wind,400,40.473942,-92.526649,MISO,MO
9991064,J545,1,onshore_wind,110,44.410716,-96.278048,MISO,MN
9991065,J546,1,onshore_wind,260,43.852661,-83.020298,MISO,MI
9991066,J555,1,onshore_wind,140,41.6864,-92.5315,MISO,IA
9991067,J556,1,onshore_wind,102,44.711027,-94.988377,MISO,MN
9991068,J558,1,onshore_wind,9.2,44.035805,-96.248354,MISO,MN
9991069,J562,1,onshore_wind,119.6,42.038923,-92.992355,MISO,IA
9991070,J563,1,onshore_wind,150,42.058109,-92.764794,MISO,IA
9991071,J564,1,onshore_wind,176,39.603001,-85.524423,MISO,
9991072,J569,1,onshore_wind,100,43.692108,-96.252881,MISO,MN
9991073,J570,1,onshore_wind,150,40.443233,-95.43622,MISO,MO
9991074,J574,1,onshore_wind,40,45.099276,-94.759526,MISO,MN
9991075,J575,1,onshore_wind,100,44.410716,-96.278048,MISO,MN
9991076,J576,1,onshore_wind,100,42.606984,-85.891756,MISO,MI
9991077,J577,1,onshore_wind,100,44.035805,-96.248354,MISO,MN
9991078,J578,1,onshore_wind,400.2,41.6846,-94.9058,MISO,IA
9991079,J579,1,onshore_wind,200,42.606984,-85.891756,MISO,MI
9991080,J580,1,onshore_wind,298,46.974662,-100.476278,MISO,ND
9991081,J583,1,onshore_wind,200,41.6846,-94.9058,MISO,IA
9991082,J584,1,onshore_wind,60,42.706527,-89.58238,MISO,WI
9991083,J587,1,onshore_wind,200,44.410716,-96.278048,MISO,MN
9991084,J589,1,onshore_wind,148.8,43.280381,-84.60826,MISO,MI
9991085,J590,1,onshore_wind,90,43.084683,-94.675507,MISO,IA
9991086,J592,1,onshore_wind,48.3,45.960614,-86.916613,MISO,MI
9991087,J593,1,onshore_wind,224,48.3437,-103.4802,MISO,ND
9991088,J594,1,onshore_wind,300,43.693893,-94.854461,MISO,MN
9991089,J595,1,onshore_wind,150,40.306516,-86.463556,MISO,IN
9991090,J596,1,onshore_wind,100,45.545015,-96.241782,MISO,MN
9991091,J597,1,onshore_wind,300,44.677594,-96.884901,MISO,SD
9991092,J598,1,onshore_wind,300,40.322819,-92.58158,MISO,MO
9991093,J599,1,onshore_wind,200,45.4299,-100.0315,MISO,SD
9991094,J600,1,onshore_wind,150,42.658761,-88.776626,MISO,WI
9991095,J601,1,onshore_wind,100,43.238275,-83.344306,MISO,MI
9991096,J602,1,onshore_wind,200,42.969018,-84.14281,MISO,MI
9991097,J606,1,onshore_wind,150,43.92897,-90.626014,MISO,WI
9991098,J607,1,onshore_wind,150,46.4573,-99.4774,MISO,ND
9991099,J608,1,onshore_wind,100,43.325191,-85.157871,MISO,MI
9991100,J609,1,onshore_wind,136,43.296124,-86.183293,MISO,MI
9991101,J610,1,onshore_wind,300,42.0802,-92.0657,MISO,IA
9991102,J611,1,onshore_wind,110,40.376036,-94.899105,MISO,MO
9991103,J612,1,onshore_wind,150,48.539191,-96.680304,MISO,MN
9991104,J613,1,onshore_wind,100,46.99038,-98.949093,MISO,ND
9991105,J614,1,onshore_wind,66,43.365156,-92.313669,MISO,IA
9991106,J615,1,onshore_wind,70,42.483465,-92.312817,MISO,IA
9991107,J625,1,onshore_wind,400,44.891296,-94.723331,MISO,MN
9991108,J626,1,onshore_wind,400,44.891296,-94.723331,MISO,MN
9991109,J627,1,onshore_wind,400,44.891296,-94.723331,MISO,MN
9991110,J628,1,onshore_wind,400,47.92785,-97.786527,MISO,ND
9991111,J629,1,onshore_wind,200,44.777032,-96.656055,MISO,SD
9991112,J630,1,onshore_wind,200,44.777032,-96.656055,MISO,SD
9991113,J631,1,onshore_wind,200,42.606984,-85.891756,MISO,MI
9991114,J632,1,onshore_wind,200,42.09706,-86.21978,MISO,MI
9991115,J637,1,onshore_wind,98,44.777032,-96.656055,MISO,SD
9991116,J638,1,onshore_wind,204,44.777032,-96.656055,MISO,SD
9991117,J650,1,onshore_wind,151.8,45.329096,-96.95929,MISO,SD
9991118,J651,1,onshore_wind,151.8,45.329096,-96.95929,MISO,SD
9991119,J652,1,onshore_wind,98,42.655097,-90.1204,MISO,WI
9991120,J657,1,onshore_wind,100.8,44.121694,-87.806347,MISO,WI
9991121,J658,1,onshore_wind,100.05,39.23288,-91.868652,MISO,MO
9991122,J662,1,onshore_wind,100.05,35.214497,-90.330899,MISO,AR
9991123,J671,1,onshore_wind,400,43.695879,-94.549583,MISO,MN
9991124,J672,1,onshore_wind,150,30.2677,-92.8141,MISO,LA
9991125,J682,1,onshore_wind,400,40.473942,-92.526649,MISO,MO
9991126,J686,1,onshore_wind,250,33.586168,-90.593748,MISO,MS
9991127,J691,1,onshore_wind,160,42.208918,-93.866511,MISO,IA
9991128,J699,1,onshore_wind,48.3,29.7047,-91.4432,MISO,LA
9991129,J701,1,onshore_wind,49,43.473925,-83.418464,MISO,MI
9991130,J705,1,onshore_wind,100,46.7161,-101.2811,MISO,ND
9991131,J706,1,onshore_wind,100,46.7161,-101.2811,MISO,ND
9991132,J707,1,onshore_wind,300,46.939015,-98.056908,MISO,ND
9991133,J711,1,onshore_wind,130,46.648549,-88.377909,MISO,MI
9991134,J712,1,onshore_wind,200,43.010982,-90.142222,MISO,WI
9991135,J713,1,onshore_wind,300,47.142166,-101.309263,MISO,ND
9991136,J714,1,onshore_wind,200,40.003048,-86.907534,MISO,IN
9991137,J715,1,onshore_wind,100,41.0332,-89.3448,MISO,IL
9991138,J717,1,onshore_wind,200.1,43.6406,-84.8468,MISO,MI
9991139,J719,1,onshore_wind,100,45.150205,-96.954594,MISO,SD
9991140,J720,1,onshore_wind,200,43.691893,-95.129111,MISO,MN
9991141,J721,1,onshore_wind,200,44.930403,-96.883452,MISO,SD
9991142,J722,1,onshore_wind,200,44.930403,-96.883452,MISO,SD
9991143,J723,1,onshore_wind,100,45.184093,-96.776067,MISO,SD
9991144,J724,1,onshore_wind,100,45.184093,-96.776067,MISO,SD
9991145,J725,1,onshore_wind,200,44.027575,-95.761347,MISO,MN
9991146,J726,1,onshore_wind,200,44.016183,-95.180153,MISO,MN
9991147,J727,1,onshore_wind,100,46.94821,-98.375058,MISO,ND
9991148,J728,1,onshore_wind,200.1,43.6406,-84.8468,MISO,MI
9991149,J729,1,onshore_wind,100,44.8582,-97.7295,MISO,SD
9991150,J730,1,onshore_wind,100,44.8582,-97.7295,MISO,SD
9991151,J731,1,onshore_wind,200,43.084683,-94.675507,MISO,IA
9991152,J733,1,onshore_wind,200,42.751676,-93.257571,MISO,IA
9991153,J738,1,onshore_wind,150,42.706527,-89.58238,MISO,WI
9991154,J739,1,onshore_wind,200,44.440121,-95.840616,MISO,MN
9991155,J740,1,onshore_wind,200,41.045591,-86.931126,MISO,IN
9991156,J741,1,onshore_wind,51,46.342723,-99.920611,MISO,ND
9991157,J742,1,onshore_wind,211,44.012268,-95.433817,MISO,MN
9991158,J743,1,onshore_wind,200,46.936179,-97.20091,MISO,ND
9991159,J744,1,onshore_wind,400,43.2789,-96.7218,MISO,SD
9991160,J745,1,onshore_wind,100,43.692187,-95.734382,MISO,MN
9991161,J746,1,onshore_wind,200,47.849,-101.160212,MISO,ND
9991162,J747,1,onshore_wind,200,44.777032,-96.656055,MISO,SD
9991163,J748,1,onshore_wind,200,42.737094,-96.202391,MISO,IA
9991164,J750,1,onshore_wind,150,39.746573,-90.194274,MISO,IL
9991165,J751,1,onshore_wind,150,39.972006,-91.189213,MISO,IL
9991166,J752,1,onshore_wind,100,43.473925,-83.418464,MISO,MI
9991167,J754,1,onshore_wind,303.6,40.003048,-86.907534,MISO,IN
9991168,J755,1,onshore_wind,200.1,46.106774,-103.512663,MISO,ND
9991169,J756,1,onshore_wind,202.4,40.1245,-89.3675,MISO,IL
9991170,J757,1,onshore_wind,303.6,39.718431,-89.986385,MISO,IL
9991171,J761,1,onshore_wind,200,43.678829,-93.934983,MISO,MN
9991172,J763,1,onshore_wind,5.28,43.256463,-93.743674,MISO,IA
9991173,J764,1,onshore_wind,12,42.046608,-93.435588,MISO,IA
9991174,J765,1,onshore_wind,4.32,43.428739,-88.722799,MISO,WI
9991175,J766,1,onshore_wind,3.84,47.142166,-101.309263,MISO,ND
9991176,J767,1,onshore_wind,12,43.073604,-93.735209,MISO,IA
9991177,J768,1,onshore_wind,12,42.046608,-93.435588,MISO,IA
9991178,J772,1,onshore_wind,7.4,43.067083,-93.498317,MISO,IA
9991179,J773,1,onshore_wind,400,44.849065,-96.884568,MISO,SD
9991180,J774,1,onshore_wind,200,44.849065,-96.884568,MISO,SD
9991181,J775,1,onshore_wind,200,44.849065,-96.884568,MISO,SD
9991182,J776,1,onshore_wind,99,42.751676,-93.257571,MISO,IA
9991183,J777,1,onshore_wind,99,42.751676,-93.257571,MISO,IA
9991184,J778,1,onshore_wind,12,40.508485,-88.842364,MISO,IL
9991185,J779,1,onshore_wind,51,46.342723,-99.920611,MISO,ND
9991186,J780,1,onshore_wind,200,47.582458,-100.317451,MISO,ND
9991187,J781,1,onshore_wind,170,45.099276,-94.759526,MISO,MN
9991188,J785,1,onshore_wind,105,43.693893,-94.854461,MISO,MN
9991189,J788,1,onshore_wind,0,44.410716,-96.278048,MISO,MN
9991190,J789,1,onshore_wind,0,43.692187,-95.734382,MISO,MN
9991191,J790,1,onshore_wind,0,44.035805,-96.248354,MISO,MN
9991192,J794,1,onshore_wind,12.5,43.280381,-84.60826,MISO,MI
9991193,J807,1,onshore_wind,41.4,42.655097,-90.1204,MISO,WI
9991194,J814,1,onshore_wind,99.9,44.7347,-90.6121,MISO,WI
9991195,J819,1,onshore_wind,99.9,42.655097,-90.1204,MISO,WI
9991196,J820,1,onshore_wind,100.05,42.5961,-84.8383,MISO,MI
9991197,J821,1,onshore_wind,99.9,44.915168,-89.764694,MISO,WI
9991198,J825,1,onshore_wind,99.9,42.706527,-89.58238,MISO,WI
9991199,J826,1,onshore_wind,100,40.508485,-88.842364,MISO,IL
9991200,J827,1,onshore_wind,300,40.216281,-87.090611,MISO,IN
9991201,J828,1,onshore_wind,151.8,40.003048,-86.907534,MISO,IN
9991202,J835,1,onshore_wind,200,39.746573,-90.194274,MISO,IL
9991203,J836,1,onshore_wind,200,43.199769,-94.194405,MISO,IA
9991204,J837,1,onshore_wind,200.1,40.755639,-86.850423,MISO,IN
9991205,J838,1,onshore_wind,200.1,40.755639,-86.850423,MISO,IN
9991206,J840,1,onshore_wind,150,42.7765,-94.2072,MISO,IA
9991207,J842,1,onshore_wind,200,38.3119,-87.5846,MISO,IN
9991208,J843,1,onshore_wind,200,38.3119,-87.5846,MISO,IN
9991209,J844,1,onshore_wind,300,40.947428,-90.206224,MISO,IL
9991210,J845,1,onshore_wind,120,40.626943,-88.190335,MISO,IL
9991211,J848,1,onshore_wind,250,39.5458,-89.2773,MISO,IL
9991212,J851,1,onshore_wind,50,39.938065,-85.39177,MISO,IN
9991213,J855,1,onshore_wind,100,42.955727,-90.43198,MISO,WI
9991214,J860,1,onshore_wind,200,30.2677,-92.8141,MISO,LA
9991215,J866,1,onshore_wind,200,34.652,-90.3755,MISO,MS
9991216,J872,1,onshore_wind,200,39.855282,-88.963006,MISO,IL
9991217,J873,1,onshore_wind,200,42.3839,-93.2404,MISO,IA
9991218,J876,1,onshore_wind,200,43.678829,-93.934983,MISO,MN
9991219,J879,1,onshore_wind,70,46.648549,-88.377909,MISO,MI
9991220,J880,1,onshore_wind,150,48.227309,-101.550226,MISO,ND
9991221,J883,1,onshore_wind,80,41.0419,-86.6988,MISO,IN
9991222,J885,1,onshore_wind,64,43.388272,-93.245767,MISO,IA
9991223,J887,1,onshore_wind,75,40.947428,-90.206224,MISO,IL
9991224,J889,1,onshore_wind,150,47.919568,-98.177915,MISO,ND
9991225,J890,1,onshore_wind,100,45.3402,-83.9176,MISO,MI
9991226,J891,1,onshore_wind,300,44.035805,-96.248354,MISO,MN
9991227,J896,1,onshore_wind,150,42.0372,-95.382,MISO,IA
9991228,J897,1,onshore_wind,190,47.9219,-97.4569,MISO,ND
9991229,J898,1,onshore_wind,100,43.365156,-92.313669,MISO,IA
9991230,J899,1,onshore_wind,180,36.341,-93.5382,MISO,AR
9991231,J901,1,onshore_wind,200,44.423894,-95.245335,MISO,MN
9991232,J906,1,onshore_wind,100,43.296124,-86.183293,MISO,MI
9991233,J921,1,onshore_wind,146.7,42.941827,-85.082972,MISO,MI
9991234,J927,1,onshore_wind,100,43.668363,-93.651646,MISO,MN
9991235,J928,1,onshore_wind,79.99,46.06934,-86.496778,MISO,MI
9991236,J930,1,onshore_wind,38,43.0826,-96.1779,MISO,IA
9991237,J931,1,onshore_wind,150,42.9598,-85.9961,MISO,MI
9991238,J933,1,onshore_wind,200,45.3671,-97.6074,MISO,SD
9991239,J938,1,onshore_wind,50,43.084683,-94.675507,MISO,IA
9991240,J939,1,onshore_wind,38,42.7331,-93.7351,MISO,IA
9991241,J940,1,onshore_wind,100,46.974662,-100.476278,MISO,ND
9991242,J941,1,onshore_wind,200,45.184093,-96.776067,MISO,SD
9991243,J943,1,onshore_wind,200,44.410716,-96.278048,MISO,MN
9991244,J950,1,onshore_wind,0,44.026425,-96.059526,MISO,MN
9991245,J951,1,onshore_wind,80,48.783278,-96.786861,MISO,MN
9991246,J952,1,onshore_wind,54,45.689894,-101.113506,MISO,SD
9991247,J957,1,onshore_wind,800,40.383562,-92.855891,MISO,MO
9991248,J958,1,onshore_wind,100,44.410716,-96.278048,MISO,MN
9991249,J959,1,onshore_wind,150,42.865995,-91.849104,MISO,IA
9991250,J960,1,onshore_wind,400,45.3402,-83.9176,MISO,MI
9991251,J965,1,onshore_wind,150,44.016183,-95.180153,MISO,MN
9991252,J966,1,onshore_wind,400,40.386177,-93.114756,MISO,MO
9991253,J967,1,onshore_wind,150,43.695416,-92.749276,MISO,MN
9991254,J968,1,onshore_wind,200,40.840886,-86.987066,MISO,IN
9991255,J971,1,onshore_wind,250,43.692187,-95.734382,MISO,MN
9991256,J973,1,onshore_wind,250,39.596993,-87.965866,MISO,IL
9991257,J974,1,onshore_wind,250,40.631308,-89.976569,MISO,IL
9991258,J975,1,onshore_wind,150,46.936179,-97.20091,MISO,ND
9991259,J977,1,onshore_wind,300,43.693893,-94.854461,MISO,MN
9991260,J978,1,onshore_wind,100,43.325191,-85.157871,MISO,MI
9991261,J979,1,onshore_wind,200,39.5458,-89.2773,MISO,IL
9991262,J980,1,onshore_wind,200,39.5458,-89.2773,MISO,IL
9991263,J981,1,onshore_wind,200,41.34273,-91.708542,MISO,IA
9991264,J982,1,onshore_wind,300,43.360511,-94.9176567,MISO,IA
9991265,J983,1,onshore_wind,100,40.306149,-90.13448,MISO,IL
9991266,J984,1,onshore_wind,200,43.280381,-84.60826,MISO,MI
9991267,N001,1,onshore_wind,100,40.608823,-87.300417,MISO,IN
9991268,R101,1,onshore_wind,4.6,47.8717,-96.0953,MISO,MN
9991269,R15,1,onshore_wind,80,42.72456,-94.654344,MISO,IA
9991270,R23,1,onshore_wind,100,42.0372,-95.382,MISO,IA
9991271,R25,1,onshore_wind,50,42.0372,-95.382,MISO,IA
9991272,R26,1,onshore_wind,400,40.443233,-95.43622,MISO,MO
9991273,R29,1,onshore_wind,100.8,42.0372,-95.382,MISO,IA
9991274,R34,1,onshore_wind,250,41.323828,-93.992806,MISO,IA
9991275,R35,1,onshore_wind,80,42.3852,-94.6404,MISO,IA
9991276,R38,1,onshore_wind,200,41.3307,-94.471,MISO,IA
9991277,R39,1,onshore_wind,500,43.096237,-95.60587,MISO,IA
9991278,R41,1,onshore_wind,100,41.3307,-94.471,MISO,IA
9991279,R42,1,onshore_wind,250,42.431851,-94.179376,MISO,IA
9991280,R47,1,onshore_wind,100,42.7356,-95.6238,MISO,IA
9991281,R48,1,onshore_wind,100,42.7356,-95.6238,MISO,IA
9991282,R49,1,onshore_wind,12,42.3852,-94.6404,MISO,IA
9991283,R50,1,onshore_wind,501,41.34273,-91.708542,MISO,IA
9991284,R51,1,onshore_wind,250.5,41.6864,-92.5315,MISO,IA
9991285,R52,1,onshore_wind,500,41.3307,-94.471,MISO,IA
9991286,R53,1,onshore_wind,200,41.3307,-94.471,MISO,IA
9991287,R56,1,onshore_wind,150,41.6846,-94.9058,MISO,IA
9991288,R57,1,onshore_wind,100,42.0362,-94.8606,MISO,IA
9991289,R58,1,onshore_wind,3,41.335852,-95.536301,MISO,IA
9991290,R59,1,onshore_wind,28,42.7331,-93.7351,MISO,IA
9991291,R60,1,onshore_wind,54,42.3862,-95.1054,MISO,IA
9991292,R61,1,onshore_wind,200,42.048511,-94.392857,MISO,IA
9991293,R62,1,onshore_wind,300,42.048511,-94.392857,MISO,IA
9991294,R63,1,onshore_wind,300,42.3852,-94.6404,MISO,IA
9991295,R64,1,onshore_wind,70,42.0362,-94.8606,MISO,IA
9991296,R65,1,onshore_wind,92,41.3315,-94.9278,MISO,IA
9991297,R66,1,onshore_wind,150,41.029,-94.6992,MISO,IA
9991298,R67,1,onshore_wind,148.8,43.075786,-95.140809,MISO,IA
9991299,R68,1,onshore_wind,249.6,43.073604,-93.735209,MISO,IA
9991300,NC4895,1,onshore_wind,101,35.0175,-79.2373,,NC
9991301,NC4896,1,onshore_wind,101,35.0175,-79.2373,,NC
9991302,NC4907,1,onshore_wind,120,34.8357,-76.6589,,NC
9991303,NC8603,1,onshore_wind,200,34.8357,-76.6589,,NC
